-- phpMyAdmin SQL Dump
-- version 4.9.7
-- https://www.phpmyadmin.net/
--
-- Servidor: localhost:3306
-- Tiempo de generación: 27-11-2021 a las 13:34:17
-- Versión del servidor: 5.7.23-23
-- Versión de PHP: 7.3.32

SET SQL_MODE = "NO_AUTO_VALUE_ON_ZERO";
SET AUTOCOMMIT = 0;
START TRANSACTION;
SET time_zone = "+00:00";


/*!40101 SET @OLD_CHARACTER_SET_CLIENT=@@CHARACTER_SET_CLIENT */;
/*!40101 SET @OLD_CHARACTER_SET_RESULTS=@@CHARACTER_SET_RESULTS */;
/*!40101 SET @OLD_COLLATION_CONNECTION=@@COLLATION_CONNECTION */;
/*!40101 SET NAMES utf8mb4 */;

--
-- Base de datos: `coticlic_cotizacion`
--

-- --------------------------------------------------------

--
-- Estructura de tabla para la tabla `app_accion`
--

CREATE TABLE `app_accion` (
  `id` int(11) NOT NULL,
  `accion` varchar(15) DEFAULT NULL,
  `id_modulo` int(11) DEFAULT NULL,
  `fecha_crea` datetime DEFAULT CURRENT_TIMESTAMP
) ENGINE=InnoDB DEFAULT CHARSET=utf8mb4;

--
-- Volcado de datos para la tabla `app_accion`
--

INSERT INTO `app_accion` (`id`, `accion`, `id_modulo`, `fecha_crea`) VALUES
(1, 'crear', 1, '2021-10-23 17:09:35'),
(2, 'editar', 1, '2021-10-23 17:09:45'),
(3, 'eliminar', 1, '2021-10-23 17:10:00'),
(4, 'leer', 1, '2021-10-23 17:10:21'),
(5, 'leer', 2, '2021-10-23 17:10:29'),
(6, 'crear', 2, '2021-10-23 17:10:35'),
(7, 'editar', 2, '2021-11-06 16:10:52'),
(8, 'eliminar', 2, '2021-11-06 16:11:34'),
(9, 'leer', 3, '2021-11-06 16:11:46'),
(10, 'editar', 3, '2021-11-06 16:11:49'),
(11, 'eliminar', 3, '2021-11-06 16:11:56'),
(12, 'crear', 3, '2021-11-06 16:11:58'),
(13, 'crear', 4, '2021-11-06 16:12:11'),
(14, 'leer', 4, '2021-11-06 16:12:27'),
(15, 'editar', 4, '2021-11-06 16:12:40'),
(16, 'eliminar', 4, '2021-11-06 16:12:47'),
(17, 'crear', 5, '2021-11-06 16:12:50'),
(18, 'leer', 5, '2021-11-06 16:12:53'),
(19, 'editar', 5, '2021-11-06 16:12:56'),
(20, 'eliminar', 5, '2021-11-06 16:13:00'),
(21, 'crear', 6, '2021-11-06 16:13:12'),
(22, 'leer', 6, '2021-11-06 16:13:15'),
(23, 'editar', 6, '2021-11-06 16:13:30'),
(24, 'eliminar', 6, '2021-11-06 16:13:34'),
(25, 'crear', 7, '2021-11-06 16:14:03'),
(26, 'leer', 7, '2021-11-06 16:14:06'),
(27, 'editar', 7, '2021-11-06 16:14:09'),
(28, 'eliminar', 7, '2021-11-06 16:14:12'),
(29, 'crear', 8, '2021-11-06 16:14:22'),
(30, 'leer', 8, '2021-11-06 16:14:24'),
(31, 'editar', 8, '2021-11-06 16:14:27'),
(32, 'eliminar', 8, '2021-11-06 16:14:31'),
(33, 'crear', 9, '2021-11-06 16:14:41'),
(34, 'leer', 9, '2021-11-06 16:14:43'),
(35, 'editar', 9, '2021-11-06 16:14:45'),
(36, 'eliminar', 9, '2021-11-06 16:14:49'),
(37, 'crear', 11, '2021-11-06 21:09:35'),
(38, 'leer', 12, '2021-11-24 22:12:07');

-- --------------------------------------------------------

--
-- Estructura de tabla para la tabla `app_modulos`
--

CREATE TABLE `app_modulos` (
  `id` int(11) NOT NULL,
  `nombre` varchar(255) DEFAULT NULL,
  `url` varchar(150) DEFAULT NULL,
  `tipo` varchar(11) DEFAULT NULL,
  `orden` int(2) DEFAULT NULL,
  `fecha_crea` datetime DEFAULT CURRENT_TIMESTAMP
) ENGINE=InnoDB DEFAULT CHARSET=utf8mb4;

--
-- Volcado de datos para la tabla `app_modulos`
--

INSERT INTO `app_modulos` (`id`, `nombre`, `url`, `tipo`, `orden`, `fecha_crea`) VALUES
(1, 'usuarios', '/views/usuarios/', 'GENERAL', 9, '2021-10-23 17:08:58'),
(2, 'hoteles', '/views/hoteles/', 'GENERAL', 3, '2021-10-23 17:09:08'),
(3, 'cotizaciones', '/cotizacion.php', 'GENERAL', 1, '2021-10-23 17:10:59'),
(4, 'voucher', '/vauche.php', 'GENERAL', 2, '2021-10-31 14:03:20'),
(5, 'planes', '/views/planes/', 'CONFIG', 4, '2021-11-06 15:21:09'),
(6, 'motivos', '/views/motivos/', 'CONFIG', 5, '2021-11-06 15:22:29'),
(7, 'tarifas', '/views/tarifas/', 'CONFIG', 6, '2021-11-06 15:22:43'),
(8, 'método de pago', '/views/metodo_pago/', 'CONFIG', 7, '2021-11-06 15:25:12'),
(9, 'términos y condiciones', '/views/terminos_condiciones/', 'CONFIG', 8, '2021-11-06 15:25:23'),
(11, 'panel de control', '/views/panel_control/', 'SESION', 10, '2021-11-06 21:06:57');

-- --------------------------------------------------------

--
-- Estructura de tabla para la tabla `app_perfil`
--

CREATE TABLE `app_perfil` (
  `id` int(11) NOT NULL,
  `nombre` varchar(20) DEFAULT NULL,
  `id_autor` int(11) DEFAULT NULL,
  `fecha_crea` datetime DEFAULT CURRENT_TIMESTAMP,
  `activo` tinyint(1) DEFAULT '1'
) ENGINE=InnoDB DEFAULT CHARSET=utf8mb4;

--
-- Volcado de datos para la tabla `app_perfil`
--

INSERT INTO `app_perfil` (`id`, `nombre`, `id_autor`, `fecha_crea`, `activo`) VALUES
(1, 'SUPERADMIN', NULL, '2021-10-23 17:30:38', 1),
(2, 'ADMINISTRADOR', 1, '2021-10-23 17:31:07', 1),
(3, 'TITULAR', NULL, '2021-11-06 19:07:50', 1),
(4, 'OPERADOR', 1, '2021-11-07 09:16:22', 1);

-- --------------------------------------------------------

--
-- Estructura de tabla para la tabla `app_permisos`
--

CREATE TABLE `app_permisos` (
  `id` int(11) NOT NULL,
  `id_accion` int(11) DEFAULT NULL,
  `id_perfil` int(11) DEFAULT NULL
) ENGINE=InnoDB DEFAULT CHARSET=utf8mb4;

--
-- Volcado de datos para la tabla `app_permisos`
--

INSERT INTO `app_permisos` (`id`, `id_accion`, `id_perfil`) VALUES
(1, 1, 1),
(2, 2, 1),
(3, 3, 1),
(4, 4, 1),
(5, 5, 1),
(6, 6, 1),
(8, 5, 2),
(9, 6, 2),
(10, 7, 2),
(14, 7, 1),
(15, 8, 1),
(16, 9, 1),
(17, 10, 1),
(18, 11, 1),
(19, 12, 1),
(20, 13, 1),
(21, 14, 1),
(22, 15, 1),
(23, 16, 1),
(24, 17, 1),
(25, 18, 1),
(26, 19, 1),
(27, 20, 1),
(28, 21, 1),
(30, 23, 1),
(31, 24, 1),
(32, 25, 1),
(33, 26, 1),
(34, 27, 1),
(35, 28, 1),
(36, 29, 1),
(37, 30, 1),
(38, 31, 1),
(39, 32, 1),
(40, 33, 1),
(41, 34, 1),
(42, 35, 1),
(43, 36, 1),
(46, 37, 1),
(47, 8, 2),
(48, 9, 2),
(49, 10, 2),
(50, 11, 2),
(51, 12, 2),
(52, 13, 2),
(53, 14, 2),
(54, 15, 2),
(55, 16, 2),
(56, 17, 2),
(57, 18, 2),
(58, 19, 2),
(59, 20, 2),
(60, 21, 2),
(61, 22, 2),
(62, 23, 2),
(63, 24, 2),
(64, 25, 2),
(65, 26, 2),
(66, 27, 2),
(67, 28, 2),
(68, 29, 2),
(69, 30, 2),
(70, 31, 2),
(71, 32, 2),
(72, 33, 2),
(73, 34, 2),
(74, 35, 2),
(75, 36, 2),
(76, 37, 2),
(79, 22, 1);

-- --------------------------------------------------------

--
-- Estructura de tabla para la tabla `auditoria`
--

CREATE TABLE `auditoria` (
  `id` bigint(20) UNSIGNED NOT NULL,
  `tabla` varchar(255) COLLATE utf8_unicode_ci NOT NULL,
  `accion` varchar(255) COLLATE utf8_unicode_ci NOT NULL,
  `id_modi` int(11) NOT NULL,
  `id_autor` int(11) NOT NULL,
  `fecha_crea` datetime NOT NULL DEFAULT CURRENT_TIMESTAMP
) ENGINE=InnoDB DEFAULT CHARSET=utf8 COLLATE=utf8_unicode_ci;

--
-- Volcado de datos para la tabla `auditoria`
--

INSERT INTO `auditoria` (`id`, `tabla`, `accion`, `id_modi`, `id_autor`, `fecha_crea`) VALUES
(1, 'usuarios', 'ELIMINAR', 1, 1, '2021-10-11 21:19:11'),
(2, 'motivos', 'ELIMINAR', 1, 1, '2021-10-11 21:54:13'),
(3, 'planes', 'ELIMINAR', 9, 3, '2021-10-27 14:11:39'),
(4, 'planes', 'ELIMINAR', 19, 3, '2021-11-23 09:40:27'),
(5, 'tarifas', 'ELIMINAR', 26, 3, '2021-11-23 09:41:00'),
(6, 'tarifas', 'ELIMINAR', 25, 3, '2021-11-23 09:41:02'),
(7, 'tarifas', 'ELIMINAR', 27, 3, '2021-11-23 09:41:06'),
(8, 'tarifas', 'ELIMINAR', 24, 3, '2021-11-23 09:41:21'),
(9, 'tarifas', 'ELIMINAR', 18, 3, '2021-11-23 11:20:14'),
(10, 'tarifas', 'ELIMINAR', 17, 3, '2021-11-23 11:20:17'),
(11, 'tarifas', 'ELIMINAR', 29, 3, '2021-11-23 11:20:19'),
(12, 'tarifas', 'ELIMINAR', 19, 3, '2021-11-23 11:20:22'),
(13, 'tarifas', 'ELIMINAR', 21, 3, '2021-11-23 11:20:25'),
(14, 'tarifas', 'ELIMINAR', 31, 3, '2021-11-23 11:21:01'),
(15, 'tarifas', 'ELIMINAR', 23, 3, '2021-11-23 11:21:04'),
(16, 'tarifas', 'ELIMINAR', 16, 3, '2021-11-23 11:21:07'),
(17, 'tarifas', 'ELIMINAR', 28, 3, '2021-11-23 11:21:09'),
(18, 'tarifas', 'ELIMINAR', 20, 3, '2021-11-23 11:21:11'),
(19, 'tarifas', 'ELIMINAR', 30, 3, '2021-11-23 11:21:14'),
(20, 'tarifas', 'ELIMINAR', 55, 3, '2021-11-23 11:21:16'),
(21, 'tarifas', 'ELIMINAR', 22, 3, '2021-11-23 11:21:18'),
(22, 'planes', 'ELIMINAR', 10, 3, '2021-11-23 11:41:46'),
(23, 'planes', 'ELIMINAR', 20, 3, '2021-11-23 11:41:49'),
(24, 'planes', 'ELIMINAR', 11, 3, '2021-11-23 11:41:51'),
(25, 'planes', 'ELIMINAR', 8, 3, '2021-11-23 11:41:53'),
(26, 'tarifas', 'ELIMINAR', 13, 3, '2021-11-24 15:37:19'),
(27, 'tarifas', 'ELIMINAR', 35, 3, '2021-11-24 15:37:22'),
(28, 'tarifas', 'ELIMINAR', 11, 3, '2021-11-24 15:37:24'),
(29, 'tarifas', 'ELIMINAR', 15, 3, '2021-11-24 15:37:26'),
(30, 'tarifas', 'ELIMINAR', 36, 3, '2021-11-24 15:37:29'),
(31, 'tarifas', 'ELIMINAR', 40, 3, '2021-11-24 15:37:31'),
(32, 'tarifas', 'ELIMINAR', 42, 3, '2021-11-24 15:37:34'),
(33, 'tarifas', 'ELIMINAR', 44, 3, '2021-11-24 15:37:37'),
(34, 'tarifas', 'ELIMINAR', 46, 3, '2021-11-24 15:37:39'),
(35, 'tarifas', 'ELIMINAR', 38, 3, '2021-11-24 15:37:41'),
(36, 'tarifas', 'ELIMINAR', 48, 3, '2021-11-24 15:37:43'),
(37, 'tarifas', 'ELIMINAR', 50, 3, '2021-11-24 15:37:46'),
(38, 'tarifas', 'ELIMINAR', 52, 3, '2021-11-24 15:37:48'),
(39, 'tarifas', 'ELIMINAR', 54, 3, '2021-11-24 15:37:50'),
(40, 'tarifas', 'ELIMINAR', 10, 3, '2021-11-24 15:37:53'),
(41, 'tarifas', 'ELIMINAR', 14, 3, '2021-11-24 15:37:55'),
(42, 'tarifas', 'ELIMINAR', 37, 3, '2021-11-24 15:37:57'),
(43, 'tarifas', 'ELIMINAR', 39, 3, '2021-11-24 15:37:59'),
(44, 'tarifas', 'ELIMINAR', 41, 3, '2021-11-24 15:38:01'),
(45, 'tarifas', 'ELIMINAR', 43, 3, '2021-11-24 15:38:03'),
(46, 'tarifas', 'ELIMINAR', 45, 3, '2021-11-24 15:38:05'),
(47, 'tarifas', 'ELIMINAR', 53, 3, '2021-11-24 15:38:09'),
(48, 'tarifas', 'ELIMINAR', 12, 3, '2021-11-24 15:38:11'),
(49, 'tarifas', 'ELIMINAR', 47, 3, '2021-11-24 15:38:13'),
(50, 'tarifas', 'ELIMINAR', 49, 3, '2021-11-24 15:38:15'),
(51, 'tarifas', 'ELIMINAR', 51, 3, '2021-11-24 15:38:18'),
(52, 'planes', 'ELIMINAR', 18, 3, '2021-11-24 15:43:58'),
(53, 'planes', 'ELIMINAR', 14, 3, '2021-11-24 15:44:01'),
(54, 'planes', 'ELIMINAR', 15, 3, '2021-11-24 15:44:02'),
(55, 'planes', 'ELIMINAR', 16, 3, '2021-11-24 15:44:04'),
(56, 'planes', 'ELIMINAR', 17, 3, '2021-11-24 15:44:06'),
(57, 'planes', 'ELIMINAR', 28, 3, '2021-11-24 15:44:08'),
(58, 'planes', 'ELIMINAR', 7, 3, '2021-11-24 15:44:09'),
(59, 'planes', 'ELIMINAR', 6, 3, '2021-11-24 15:44:11'),
(60, 'planes', 'ELIMINAR', 33, 3, '2021-11-24 16:44:29'),
(61, 'planes', 'ELIMINAR', 30, 3, '2021-11-24 16:44:32'),
(62, 'planes', 'ELIMINAR', 12, 3, '2021-11-24 16:52:32'),
(63, 'planes', 'ELIMINAR', 1, 3, '2021-11-24 16:52:34'),
(64, 'planes', 'ELIMINAR', 2, 3, '2021-11-24 16:52:35'),
(65, 'planes', 'ELIMINAR', 3, 3, '2021-11-24 16:52:37'),
(66, 'planes', 'ELIMINAR', 4, 3, '2021-11-24 16:52:39'),
(67, 'planes', 'ELIMINAR', 5, 3, '2021-11-24 16:52:40'),
(68, 'tarifas', 'ELIMINAR', 34, 3, '2021-11-24 17:02:55'),
(69, 'tarifas', 'ELIMINAR', 2, 3, '2021-11-24 17:03:02'),
(70, 'tarifas', 'ELIMINAR', 6, 3, '2021-11-24 17:03:07'),
(71, 'tarifas', 'ELIMINAR', 8, 3, '2021-11-24 17:03:10'),
(72, 'tarifas', 'ELIMINAR', 56, 3, '2021-11-24 17:03:18'),
(73, 'tarifas', 'ELIMINAR', 4, 3, '2021-11-24 17:03:22'),
(74, 'tarifas', 'ELIMINAR', 9, 3, '2021-11-24 17:03:25'),
(75, 'tarifas', 'ELIMINAR', 3, 3, '2021-11-24 17:03:28'),
(76, 'tarifas', 'ELIMINAR', 5, 3, '2021-11-24 17:03:34'),
(77, 'tarifas', 'ELIMINAR', 7, 3, '2021-11-24 17:03:37'),
(78, 'tarifas', 'ELIMINAR', 33, 3, '2021-11-24 17:03:41'),
(79, 'tarifas', 'ELIMINAR', 32, 3, '2021-11-24 17:03:45'),
(80, 'tarifas', 'ELIMINAR', 1, 3, '2021-11-24 17:03:48'),
(81, 'tarifas', 'ELIMINAR', 58, 3, '2021-11-24 17:56:16'),
(82, 'tarifas', 'ELIMINAR', 57, 3, '2021-11-24 17:56:36'),
(83, 'motivos', 'ELIMINAR', 6, 3, '2021-11-27 10:05:02');

-- --------------------------------------------------------

--
-- Estructura de tabla para la tabla `cotizacion`
--

CREATE TABLE `cotizacion` (
  `id` int(11) NOT NULL,
  `cod_vendedor` varchar(11) NOT NULL,
  `n_infante` int(11) DEFAULT NULL,
  `n_child` int(11) DEFAULT NULL,
  `n_adult_s` int(11) DEFAULT NULL,
  `n_adult_d` int(11) DEFAULT NULL,
  `n_adult_t_c` int(11) DEFAULT NULL,
  `id_hotel` int(11) DEFAULT NULL,
  `id_titular` int(11) NOT NULL,
  `id_tarifa` int(11) DEFAULT NULL,
  `id_plan` int(11) DEFAULT NULL,
  `id_motivo` int(11) DEFAULT NULL,
  `id_terminos` int(11) DEFAULT NULL,
  `cod_res` varchar(11) NOT NULL,
  `noche` varchar(11) DEFAULT NULL,
  `acomodo` varchar(255) DEFAULT NULL,
  `fecha_expedicion` datetime DEFAULT CURRENT_TIMESTAMP,
  `fecha_entrada` date DEFAULT NULL,
  `fecha_salida` date DEFAULT NULL,
  `id_autor` int(11) DEFAULT NULL,
  `fecha_crea` datetime DEFAULT CURRENT_TIMESTAMP,
  `activo` tinyint(1) DEFAULT '1'
) ENGINE=InnoDB DEFAULT CHARSET=utf8mb4;

--
-- Volcado de datos para la tabla `cotizacion`
--

INSERT INTO `cotizacion` (`id`, `cod_vendedor`, `n_infante`, `n_child`, `n_adult_s`, `n_adult_d`, `n_adult_t_c`, `id_hotel`, `id_titular`, `id_tarifa`, `id_plan`, `id_motivo`, `id_terminos`, `cod_res`, `noche`, `acomodo`, `fecha_expedicion`, `fecha_entrada`, `fecha_salida`, `id_autor`, `fecha_crea`, `activo`) VALUES
(1, '0002', 0, 1, 0, 2, 0, 2, 4, 1, 1, 1, 1, '', '4', '1 Hab doble + 1 niño', '2021-08-31 01:09:03', '2021-10-01', '2021-10-05', 3, '2021-08-31 01:09:03', 1),
(2, '0002', 0, 1, 0, 2, 0, 2, 4, 2, 1, 3, 1, '', '2', '1 Hab doble + 1 niño', '2021-08-31 01:28:11', '2021-12-02', '2021-12-04', 3, '2021-08-31 01:28:11', 1),
(3, '0002', 0, 2, 0, 12, 0, 2, 5, 1, 1, 1, 1, '', '5', '6 habitaciones dobles + 2 niños', '2021-08-31 01:31:54', '2021-08-31', '2021-09-05', 3, '2021-08-31 01:31:54', 1),
(4, '0002', 0, 0, 1, 4, 0, 2, 5, 8, 4, 1, 1, '', '3', '2 hab dobles + 1 niño', '2021-08-31 02:04:14', '2021-12-05', '2021-12-08', 3, '2021-08-31 02:04:14', 1),
(5, '0002', 0, 2, 0, 5, 0, 2, 4, 9, 5, 2, 1, '', 'N/A', 'grupo de familia', '2021-08-31 02:09:28', '2021-08-31', '2021-08-31', 3, '2021-08-31 02:09:28', 1),
(6, '0002', 0, 0, 2, 0, 0, 2, 5, 1, 1, 2, 1, '', '3', '2 habitaciones sencillas ', '2021-08-31 02:16:04', '2021-10-13', '2021-10-16', 3, '2021-08-31 02:16:04', 1),
(7, '0002', 1, 1, 0, 2, 0, 2, 4, 3, 1, 1, 1, '', '3', '1 hab doble + 1 niño + 1 infante', '2021-08-31 07:20:21', '2022-01-21', '2022-01-24', 3, '2021-08-31 07:20:21', 1),
(8, '0002', 0, 0, 0, 2, 0, 2, 6, 3, 1, 1, 1, '', '2', '1 hab doble ', '2021-08-31 09:10:56', '2022-02-03', '2022-02-05', 3, '2021-08-31 09:10:56', 1),
(9, '0002', 0, 0, 0, 2, 0, 4, 7, 18, 8, 1, 1, '', '5', '1 han doble estándar ', '2021-08-31 11:53:40', '2022-06-04', '2022-06-09', 3, '2021-08-31 11:53:40', 1),
(10, '0002', 0, 0, 0, 2, 3, 3, 14, 10, 6, 1, 1, '', '3', '1 han doble \n1 han triple', '2021-08-31 18:15:57', '2021-10-23', '2021-10-26', 3, '2021-08-31 18:15:57', 1),
(11, '0002', 0, 0, 0, 2, 3, 3, 14, 11, 6, 1, 1, '', '4', '1 hab doble\n1 hab triple', '2021-08-31 18:29:07', '2021-12-23', '2021-12-27', 3, '2021-08-31 18:29:07', 1),
(12, '0002', 0, 0, 0, 2, 0, 2, 16, 3, 1, 1, 1, '', '5', '1 habitación doble', '2021-08-31 20:09:30', '2022-02-10', '2022-02-15', 3, '2021-08-31 20:09:30', 1),
(13, '0002', 0, 0, 0, 2, 0, 2, 16, 3, 1, 3, 1, '', '2', '1 hab doble ', '2021-09-01 05:08:49', '2022-01-13', '2022-01-15', 3, '2021-09-01 05:08:49', 1),
(14, '0002', 0, 0, 0, 2, 0, 2, 22, 1, 1, 1, 1, '', '3', '1 hab doble ', '2021-09-01 15:27:25', '2021-11-16', '2021-11-19', 3, '2021-09-01 15:27:25', 1),
(15, '0002', 0, 0, 0, 2, 0, 4, 22, 16, 8, 1, 1, '', '3', '1 hab doble ', '2021-09-01 15:55:09', '2021-11-16', '2021-11-19', 3, '2021-09-01 15:55:09', 1),
(16, '0002', 0, 1, 0, 4, 0, 2, 30, 2, 1, 4, 1, '', '5', '2 habitaciones dobles + 1 sofá cama', '2021-09-01 16:15:20', '2021-12-22', '2021-12-27', 3, '2021-09-01 16:15:20', 1),
(17, '0002', 1, 0, 0, 4, 0, 4, 32, 17, 8, 4, 1, '', '5', '2 habitaciones dobles + 1 sofá cama', '2021-09-01 17:03:56', '2021-12-22', '2021-12-27', 3, '2021-09-01 17:03:56', 1),
(18, '0002', 0, 1, 0, 4, 0, 4, 32, 17, 8, 4, 1, '', '5', '2 habitaciones dobles + 1 sofá cama', '2021-09-01 17:14:14', '2021-12-22', '2021-12-27', 3, '2021-09-01 17:14:14', 1),
(19, '0002', 0, 0, 0, 2, 0, 2, 35, 3, 1, 3, 1, '', '3', 'Una habitación ', '2021-09-01 23:10:48', '2022-03-10', '2022-03-13', 3, '2021-09-01 23:10:48', 1),
(20, '0002', 0, 2, 0, 4, 4, 4, 36, 18, 8, 4, 1, '', '5', '2 habitaciones y  1 sofá cama ', '2021-09-02 10:10:57', '2022-05-05', '2022-05-10', 3, '2021-09-02 10:10:57', 1),
(21, '0002', 0, 0, 0, 2, 0, 4, 37, 18, 8, 2, 1, '', '4', '1 habitación ', '2021-09-02 14:13:06', '2022-09-09', '2022-09-13', 3, '2021-09-02 14:13:06', 1),
(22, '0002', 0, 0, 0, 3, 0, 5, 38, 24, 9, 1, 1, '', '3', '1habitaciones dobles + 1 sofá cama', '2021-09-02 16:28:03', '2021-09-30', '2021-10-03', 3, '2021-09-02 16:28:03', 1),
(23, '0002', 0, 0, 0, 0, 3, 2, 39, 2, 1, 1, 1, '', '4', '1 habitación triple ', '2021-09-02 16:53:13', '2022-01-09', '2022-01-13', 3, '2021-09-02 16:53:13', 1),
(24, '0002', 0, 0, 0, 6, 0, 2, 43, 4, 1, 1, 1, '', '4', '3 han dobles', '2021-09-03 17:59:00', '2022-02-22', '2022-02-26', 3, '2021-09-03 17:59:00', 1),
(25, '0002', 0, 0, 0, 2, 0, 4, 48, 16, 8, 1, 1, '', '3', '1 hab doble', '2021-09-03 19:13:25', '2021-10-22', '2021-10-25', 3, '2021-09-03 19:13:25', 1),
(26, '0002', 0, 0, 2, 0, 0, 4, 49, 16, 8, 1, 1, '', '3', '1 HAB DOBLE ESTANDAR ', '2021-09-04 12:00:51', '2021-11-04', '2021-11-07', 3, '2021-09-04 12:00:51', 1),
(27, '0002', 0, 0, 0, 2, 0, 5, 50, 24, 9, 1, 1, '', '5', '1 han doble', '2021-09-04 12:42:18', '2021-10-22', '2021-10-27', 3, '2021-09-04 12:42:18', 1),
(28, '0002', 0, 3, 0, 3, 0, 4, 52, 16, 8, 1, 1, '', '6', '3 hab dobles', '2021-09-04 15:39:15', '2021-10-07', '2021-10-13', 3, '2021-09-04 15:39:15', 1),
(29, '0002', 0, 1, 0, 10, 0, 4, 53, 17, 8, 1, 1, '', '3', '5 hab dobles + 1 sofá cama', '2021-09-04 17:55:58', '2021-12-15', '2021-12-18', 3, '2021-09-04 17:55:58', 1),
(30, '0002', 0, 0, 0, 2, 0, 4, 54, 17, 8, 1, 1, '', '4', '1 habitación doble standard ', '2021-09-05 10:14:32', '2021-12-21', '2021-12-25', 3, '2021-09-05 10:14:32', 1),
(31, '0002', 0, 0, 0, 2, 0, 3, 55, 10, 6, 1, 1, '', '2', '1 hab doble', '2021-09-06 09:36:41', '2021-11-05', '2021-11-07', 3, '2021-09-06 09:36:41', 1),
(32, '0002', 0, 0, 0, 2, 0, 3, 56, 13, 6, 1, 1, '', '5', '1 hab doble ', '2021-09-06 10:12:39', '2022-01-06', '2022-01-11', 3, '2021-09-06 10:12:39', 1),
(33, '0002', 0, 0, 0, 2, 0, 4, 56, 19, 8, 1, 1, '', '5', '1 hab doble ', '2021-09-06 10:23:27', '2022-01-06', '2022-01-11', 3, '2021-09-06 10:23:27', 1),
(34, '0002', 0, 0, 0, 2, 0, 4, 57, 16, 8, 1, 1, '', '4', '1 hab doble + 1 sofa cama ', '2021-09-06 11:10:27', '2021-10-05', '2021-10-09', 3, '2021-09-06 11:10:27', 1),
(35, '0002', 0, 0, 0, 2, 0, 4, 58, 16, 8, 1, 1, '', '3', '1 hab doble ', '2021-09-06 11:40:33', '2021-10-18', '2021-10-21', 3, '2021-09-06 11:40:33', 1),
(36, '0002', 1, 1, 0, 2, 0, 3, 58, 12, 6, 4, 1, '', '2', '1 hab doble + 1 niño + 1 bb ', '2021-09-06 11:53:04', '2022-02-17', '2022-02-19', 3, '2021-09-06 11:53:04', 1),
(37, '0002', 0, 0, 0, 0, 3, 3, 59, 11, 6, 1, 1, '', '4', '1 hab triple ', '2021-09-06 12:03:48', '2021-12-23', '2021-12-27', 3, '2021-09-06 12:03:48', 1),
(38, '0002', 0, 0, 0, 2, 0, 4, 60, 16, 8, 1, 1, '', '4', '1 habitación standard ', '2021-09-06 12:28:00', '2021-10-23', '2021-10-27', 3, '2021-09-06 12:28:00', 1),
(39, '0002', 1, 1, 0, 2, 0, 3, 61, 10, 6, 1, 1, '', '2', '1 hab doble + 1 niño + 1 infante', '2021-09-06 13:30:15', '2021-09-26', '2021-09-28', 3, '2021-09-06 13:30:15', 1),
(40, '0002', 0, 0, 0, 6, 0, 3, 62, 10, 6, 1, 1, '', '3', '3 hab dobles ', '2021-09-06 14:05:31', '2021-11-28', '2021-12-01', 3, '2021-09-06 14:05:31', 1),
(41, '0002', 0, 0, 0, 2, 0, 4, 63, 16, 8, 1, 1, '', '1', '1 hab doble ', '2021-09-06 14:34:54', '2021-11-02', '2021-11-03', 3, '2021-09-06 14:34:54', 1),
(42, '0002', 0, 2, 0, 0, 7, 2, 65, 3, 1, 1, 1, '', '4', '1 hab triple \n1 hab cuadruple + 2 niños', '2021-09-06 15:16:44', '2022-02-03', '2022-02-07', 3, '2021-09-06 15:16:44', 1),
(43, '0002', 0, 1, 0, 4, 0, 3, 66, 10, 6, 1, 1, '', '3', '2 hab dobles + 1 niño ', '2021-09-06 15:50:17', '2021-11-09', '2021-11-12', 3, '2021-09-06 15:50:17', 1),
(44, '0002', 0, 2, 0, 2, 0, 4, 67, 19, 8, 1, 1, '', '3', '1 hab doble + 1 sofa cama ', '2021-09-06 16:33:01', '2022-04-11', '2022-04-14', 3, '2021-09-06 16:33:01', 1),
(45, '0002', 0, 0, 0, 2, 0, 5, 68, 27, 9, 1, 1, '', '4', '1 hab doble.', '2021-09-06 17:40:35', '2022-02-03', '2022-02-07', 3, '2021-09-06 17:40:35', 1),
(46, '0002', 0, 0, 0, 2, 0, 4, 69, 16, 8, 1, 1, '', '2', '1 hab doble ', '2021-09-07 12:07:43', '2021-09-30', '2021-10-02', 3, '2021-09-07 12:07:43', 1),
(47, '0002', 0, 7, 0, 2, 0, 5, 70, 24, 9, 1, 1, '', '5', '1 habitación doble + 1 sofá cama ', '2021-09-07 15:02:09', '2021-09-27', '2021-10-02', 3, '2021-09-07 15:02:09', 1),
(48, '0002', 0, 1, 0, 2, 0, 5, 70, 24, 9, 1, 1, '', '5', '1 habitación doble + 1 sofá cama ', '2021-09-07 15:05:19', '2021-09-27', '2021-10-02', 3, '2021-09-07 15:05:19', 1),
(49, '0002', 0, 3, 0, 0, 12, 3, 72, 13, 6, 1, 1, '', '3', '4 hab triples + 3 niños.', '2021-09-07 16:36:31', '2022-01-24', '2022-01-27', 3, '2021-09-07 16:36:31', 1),
(50, '0002', 0, 0, 0, 2, 0, 4, 73, 19, 8, 3, 1, '', '3', '1 hab doble ', '2021-09-07 16:52:57', '2022-01-13', '2022-01-16', 3, '2021-09-07 16:52:57', 1),
(51, '0002', 0, 3, 0, 12, 0, 4, 72, 19, 8, 1, 1, '', '3', '6 hab disponibles + 3 niños ', '2021-09-07 18:21:54', '2022-01-24', '2022-01-27', 3, '2021-09-07 18:21:54', 1),
(52, '0002', 0, 0, 0, 2, 0, 5, 76, 24, 9, 1, 1, '', '4', '1 hab doble ', '2021-09-07 18:36:46', '2021-09-26', '2021-09-30', 3, '2021-09-07 18:36:46', 1),
(53, '0002', 0, 0, 0, 0, 3, 2, 77, 33, 12, 1, 1, '', '4', '1 habitación triple', '2021-09-07 19:29:55', '2022-03-06', '2022-03-10', 3, '2021-09-07 19:29:55', 1),
(54, '0002', 0, 0, 0, 2, 0, 3, 78, 10, 6, 1, 1, '', '3', '1 hab doble', '2021-09-07 19:45:08', '2021-10-18', '2021-10-21', 3, '2021-09-07 19:45:08', 1),
(55, '0002', 0, 1, 0, 2, 0, 5, 76, 24, 9, 1, 1, '', '4', '1 hab doble + 1 niño ', '2021-09-08 09:52:00', '2021-09-26', '2021-09-30', 3, '2021-09-08 09:52:00', 1),
(56, '0002', 0, 1, 0, 10, 0, 4, 53, 17, 8, 1, 1, '', '4', '5 hab dobles +1 sofa cama ', '2021-09-08 10:07:07', '2021-12-14', '2021-12-18', 3, '2021-09-08 10:07:07', 1),
(57, '0002', 0, 3, 0, 0, 9, 3, 79, 11, 6, 1, 1, '', '5', '3 hab triples + 3 niños ', '2021-09-08 11:18:34', '2022-01-16', '2022-01-21', 3, '2021-09-08 11:18:34', 1),
(58, '0002', 0, 3, 0, 0, 9, 3, 79, 12, 6, 1, 1, '', '5', '3  habitaciones triples + 3 niños.', '2021-09-08 11:41:29', '2022-01-16', '2022-01-21', 3, '2021-09-08 11:41:29', 1),
(59, '0002', 0, 0, 0, 2, 0, 5, 79, 26, 9, 1, 1, '', '5', 'habitacion doble', '2021-09-09 10:22:40', '2022-02-10', '2022-02-15', 3, '2021-09-09 10:22:40', 1),
(60, '0002', 0, 0, 0, 0, 3, 3, 80, 10, 6, 1, 1, '', '3', '1 hab triple ', '2021-09-09 15:35:22', '2021-11-15', '2021-11-18', 3, '2021-09-09 15:35:22', 1),
(61, '0002', 0, 0, 0, 2, 0, 4, 81, 16, 8, 1, 1, '', '4', '1 hab doble', '2021-09-09 16:02:56', '2021-10-05', '2021-10-09', 3, '2021-09-09 16:02:56', 1),
(62, '0002', 1, 1, 0, 2, 0, 3, 82, 11, 6, 1, 1, '', '126', '1 hab doble + 1 niño + 1 infante ', '2021-09-09 16:53:03', '2021-09-17', '2022-01-21', 3, '2021-09-09 16:53:03', 1),
(63, '0002', 1, 1, 0, 2, 0, 3, 82, 10, 6, 1, 1, '', '4', '1 hab doble +1 niño + 1 infante ', '2021-09-09 16:59:10', '2022-01-17', '2022-01-21', 3, '2021-09-09 16:59:10', 1),
(64, '0002', 1, 1, 0, 2, 0, 2, 82, 2, 1, 1, 1, '', '4', '1 hab doble + 1 niño + 1 infante', '2021-09-09 17:15:50', '2022-01-17', '2022-01-21', 3, '2021-09-09 17:15:50', 1),
(65, '0002', 1, 1, 0, 2, 0, 2, 82, 6, 3, 1, 1, '', '4', '1 hab doble +1 niño + 1 infante', '2021-09-09 17:27:22', '2022-01-17', '2022-01-21', 3, '2021-09-09 17:27:22', 1),
(66, '0002', 0, 1, 0, 2, 0, 5, 84, 24, 9, 1, 1, '', '3', '1 habitación + niño ', '2021-09-10 10:10:06', '2021-09-15', '2021-09-18', 3, '2021-09-10 10:10:06', 1),
(67, '0002', 0, 1, 0, 2, 0, 5, 84, 24, 9, 1, 1, '', '3', '1 habitacion doble + 1 niño', '2021-09-10 10:13:51', '2021-09-15', '2021-09-18', 3, '2021-09-10 10:13:51', 1),
(68, '0002', 0, 0, 0, 2, 3, 3, 85, 11, 6, 1, 1, '', '4', '1 hab doble \n1 hab triple ', '2021-09-10 11:36:42', '2021-12-23', '2021-12-27', 3, '2021-09-10 11:36:42', 1),
(69, '0002', 0, 0, 0, 2, 0, 4, 86, 17, 8, 1, 1, '', '4', '1 hab doble ', '2021-09-10 12:05:14', '2021-10-21', '2021-10-25', 3, '2021-09-10 12:05:14', 1),
(70, '0002', 0, 0, 0, 10, 0, 4, 86, 16, 8, 1, 1, '', '4', '5 hab dobles \n\n', '2021-09-10 12:25:46', '2021-10-21', '2021-10-25', 3, '2021-09-10 12:25:46', 1),
(71, '0002', 0, 0, 0, 2, 0, 3, 87, 11, 6, 1, 1, '', '3', '1 hab doble ', '2021-09-10 12:34:58', '2022-01-12', '2022-01-15', 3, '2021-09-10 12:34:58', 1),
(72, '0002', 0, 0, 0, 2, 0, 3, 87, 11, 6, 1, 1, '', '3', '1 hab doble ( junior suite)', '2021-09-10 12:45:48', '2022-01-12', '2022-01-15', 3, '2021-09-10 12:45:48', 1),
(73, '0002', 0, 0, 0, 4, 0, 4, 88, 16, 8, 1, 1, '', '4', '2 hab dobles ', '2021-09-10 12:50:25', '2021-10-21', '2021-10-25', 3, '2021-09-10 12:50:25', 1),
(74, '0002', 0, 0, 0, 2, 0, 4, 87, 19, 8, 1, 1, '', '3', '1 hab doble', '2021-09-10 14:13:37', '2022-01-12', '2022-01-15', 3, '2021-09-10 14:13:37', 1),
(75, '0002', 0, 4, 0, 0, 14, 2, 89, 2, 1, 1, 1, '', '5', '2 hab cuadruples\n2 hab triples + 4 niños ', '2021-09-10 16:55:06', '2022-02-04', '2022-02-09', 3, '2021-09-10 16:55:06', 1),
(76, '0002', 0, 0, 0, 2, 0, 4, 90, 16, 8, 1, 1, '', '4', '1 hab doble ', '2021-09-10 17:21:56', '2021-10-25', '2021-10-29', 3, '2021-09-10 17:21:56', 1),
(77, '0002', 0, 0, 0, 0, 4, 2, 91, 3, 1, 1, 1, '', '4', '1 hab cuadruple ', '2021-09-11 12:16:31', '2022-02-16', '2022-02-20', 3, '2021-09-11 12:16:31', 1),
(78, '0002', 1, 1, 0, 2, 0, 3, 92, 10, 6, 1, 1, '', '1', '1 hab doble +1 niño + 1 infante', '2021-09-11 12:31:27', '2021-10-13', '2021-10-14', 3, '2021-09-11 12:31:27', 1),
(79, '0002', 0, 0, 0, 2, 0, 4, 93, 16, 8, 1, 1, '', '3', ' 1 hab doble ', '2021-09-11 14:22:43', '2021-11-05', '2021-11-08', 3, '2021-09-11 14:22:43', 1),
(80, '0002', 0, 0, 0, 0, 6, 3, 94, 11, 6, 1, 1, '', '4', '2 hab triples ', '2021-09-11 14:32:18', '2022-01-21', '2022-01-25', 3, '2021-09-11 14:32:18', 1),
(81, '0002', 0, 1, 0, 2, 0, 4, 95, 16, 8, 1, 1, '', '3', '1 hab doble + 1 niño ', '2021-09-11 14:45:53', '2021-10-15', '2021-10-18', 3, '2021-09-11 14:45:53', 1),
(82, '0002', 0, 0, 0, 0, 3, 5, 97, 24, 9, 1, 1, '', '4', '1 habitación triple ', '2021-09-13 10:30:28', '2021-11-08', '2021-11-12', 3, '2021-09-13 10:30:28', 1),
(83, '0002', 0, 0, 0, 0, 3, 5, 97, 24, 9, 1, 1, '', '4', '1 habitación triple ', '2021-09-13 10:32:06', '2021-11-08', '2021-11-12', 3, '2021-09-13 10:32:06', 1),
(84, '0002', 0, 1, 0, 0, 5, 3, 94, 15, 7, 1, 1, '', '4', '1 hab doble + 1 niño\n1 hab triple', '2021-09-13 11:42:32', '2022-01-21', '2022-01-25', 3, '2021-09-13 11:42:32', 1),
(85, '0002', 0, 0, 0, 2, 0, 4, 98, 16, 8, 1, 1, '', '6', '1 hab doble', '2021-09-13 12:26:23', '2021-11-24', '2021-11-30', 3, '2021-09-13 12:26:23', 1),
(86, '0002', 0, 0, 0, 2, 0, 5, 99, 24, 9, 1, 1, '', '3', '1 hab doble ', '2021-09-13 12:36:18', '2021-10-16', '2021-10-19', 3, '2021-09-13 12:36:18', 1),
(87, '0002', 1, 1, 0, 2, 0, 3, 100, 15, 7, 1, 1, '', '4', '1 hab doble + 1 niño + 1 infante', '2021-09-13 14:09:13', '2022-01-17', '2022-01-21', 3, '2021-09-13 14:09:13', 1),
(88, '0002', 0, 2, 0, 4, 0, 2, 101, 2, 1, 1, 1, '', '5', '1 hab doble + 2 niños\n1 hab doble ', '2021-09-13 14:18:44', '2022-01-28', '2022-02-02', 3, '2021-09-13 14:18:44', 1),
(89, '0002', 0, 2, 0, 4, 0, 5, 101, 25, 9, 1, 1, '', '5', '1 hab doble + 1 sofá cama\n1 hab doble ', '2021-09-13 14:22:27', '2022-01-28', '2022-02-02', 3, '2021-09-13 14:22:27', 1),
(90, '0002', 0, 2, 0, 2, 0, 5, 101, 25, 9, 1, 1, '', '5', '1 hab doble + 1 sofa cama ', '2021-09-13 15:26:24', '2022-01-28', '2022-02-02', 3, '2021-09-13 15:26:24', 1),
(91, '0002', 0, 0, 0, 2, 0, 4, 102, 17, 8, 1, 1, '', '3', '1 hab doble.', '2021-09-13 16:31:11', '2022-01-12', '2022-01-15', 3, '2021-09-13 16:31:11', 1),
(92, '0002', 2, 1, 0, 0, 9, 3, 103, 12, 6, 1, 1, '', '5', '3 hab triples + 1 niño + 1 infante', '2021-09-13 17:11:19', '2022-08-07', '2022-08-12', 3, '2021-09-13 17:11:19', 1),
(93, '0002', 0, 0, 0, 2, 0, 4, 104, 17, 8, 1, 1, '', '10', '1 hab doble', '2021-09-13 17:20:34', '2021-12-20', '2021-12-30', 3, '2021-09-13 17:20:34', 1),
(94, '0002', 0, 0, 0, 2, 0, 4, 105, 16, 8, 1, 1, '', '3', '1 hab doble ', '2021-09-13 17:24:41', '2021-10-01', '2021-10-04', 3, '2021-09-13 17:24:41', 1),
(95, '0002', 0, 0, 0, 2, 0, 2, 106, 1, 1, 1, 1, '', '3', '1 hab doble ', '2021-09-13 17:30:45', '2021-10-03', '2021-10-06', 3, '2021-09-13 17:30:45', 1),
(96, '0002', 0, 0, 0, 12, 0, 4, 107, 19, 8, 1, 1, '', '3', '6 hab dobles ', '2021-09-13 18:19:24', '2022-02-25', '2022-02-28', 3, '2021-09-13 18:19:24', 1),
(97, '0002', 0, 0, 1, 2, 0, 4, 109, 16, 8, 1, 1, '', '4', '1 hab sencilla\n1 hab doble ', '2021-09-14 11:39:42', '2021-10-04', '2021-10-08', 3, '2021-09-14 11:39:42', 1),
(98, '0002', 0, 1, 0, 2, 0, 4, 109, 16, 8, 1, 1, '', '4', '1 hab doble + 1 sofa cama ', '2021-09-14 11:41:26', '2021-10-04', '2021-10-08', 3, '2021-09-14 11:41:26', 1),
(99, '0002', 0, 0, 0, 2, 0, 4, 110, 16, 8, 1, 1, '', '4', '1 hab doble', '2021-09-14 11:46:44', '2021-10-25', '2021-10-29', 3, '2021-09-14 11:46:44', 1),
(100, '0002', 1, 1, 0, 2, 0, 3, 111, 11, 6, 1, 1, '', '4', '1 hab doble + 1 niño + 1 infante ', '2021-09-14 12:03:01', '2021-12-23', '2021-12-27', 3, '2021-09-14 12:03:01', 1),
(101, '0002', 0, 0, 0, 2, 0, 4, 109, 16, 8, 1, 1, '', '4', '1 hab doble ', '2021-09-14 12:07:53', '2021-10-04', '2021-10-08', 3, '2021-09-14 12:07:53', 1),
(102, '0002', 2, 1, 0, 2, 0, 3, 103, 12, 6, 1, 1, '', '5', '1 hab doble + 1 niño + 2 infantes.', '2021-09-14 12:29:01', '2022-08-07', '2022-08-12', 3, '2021-09-14 12:29:01', 1),
(103, '0002', 0, 0, 0, 2, 0, 4, 108, 17, 8, 1, 1, '', '4', '1 hab doble ', '2021-09-14 12:35:36', '2021-12-14', '2021-12-18', 3, '2021-09-14 12:35:36', 1),
(104, '0002', 0, 0, 0, 10, 0, 4, 86, 16, 8, 1, 1, '', '4', '5 hab dobles .', '2021-09-14 17:33:09', '2021-10-22', '2021-10-26', 3, '2021-09-14 17:33:09', 1),
(105, '0002', 0, 0, 0, 6, 0, 4, 86, 16, 8, 1, 1, '', '4', '3 hab dobles ', '2021-09-14 18:40:42', '2021-10-22', '2021-10-26', 3, '2021-09-14 18:40:42', 1),
(106, '0002', 0, 0, 2, 0, 0, 4, 86, 16, 8, 1, 1, '', '3', '1 hab doble ', '2021-09-14 18:42:15', '2021-10-22', '2021-10-25', 3, '2021-09-14 18:42:15', 1),
(107, '0002', 1, 0, 0, 2, 0, 4, 86, 16, 8, 1, 1, '', '4', '1 hab doble + 1 sofa cama ', '2021-09-14 18:44:48', '2021-10-23', '2021-10-27', 3, '2021-09-14 18:44:48', 1),
(108, '0002', 0, 0, 0, 2, 0, 4, 86, 16, 8, 1, 1, '', '3', '1 hab doble ', '2021-09-15 11:26:28', '2021-10-22', '2021-10-25', 3, '2021-09-15 11:26:28', 1),
(109, '0002', 0, 0, 0, 6, 0, 5, 101, 26, 9, 1, 1, '', '4', '3 hab dobles  ', '2021-09-15 13:06:04', '2022-01-29', '2022-02-02', 3, '2021-09-15 13:06:04', 1),
(110, '0002', 1, 1, 0, 4, 0, 3, 112, 10, 6, 1, 1, '', '3', '2 hab dobles + 1 niño + 1 infante. ', '2021-09-15 15:05:22', '2021-11-15', '2021-11-18', 3, '2021-09-15 15:05:22', 1),
(111, '0002', 0, 0, 0, 2, 0, 3, 113, 12, 6, 1, 1, '', '3', '2 hab dobles. ', '2021-09-15 15:28:39', '2022-01-28', '2022-01-31', 3, '2021-09-15 15:28:39', 1),
(112, '0002', 1, 1, 0, 0, 3, 3, 114, 10, 6, 1, 1, '', '3', '1 hab triple + 1 niño + 1 infante.', '2021-09-15 15:53:11', '2021-11-01', '2021-11-04', 3, '2021-09-15 15:53:11', 1),
(113, '0002', 0, 0, 0, 2, 0, 3, 115, 12, 6, 1, 1, '', '3', '1 hab doble ', '2021-09-15 16:56:44', '2022-02-01', '2022-02-04', 3, '2021-09-15 16:56:44', 1),
(114, '0002', 0, 0, 1, 0, 0, 2, 116, 3, 1, 1, 1, '', '3', '1 hab sencilla', '2021-09-15 17:09:27', '2022-03-16', '2022-03-19', 3, '2021-09-15 17:09:27', 1),
(115, '0002', 0, 0, 0, 2, 0, 2, 117, 3, 1, 1, 1, '', '3', '1 habitación doble ', '2021-09-16 11:13:25', '2022-04-07', '2022-04-10', 3, '2021-09-16 11:13:25', 1),
(116, '0002', 0, 0, 0, 10, 0, 4, 118, 16, 8, 1, 1, '', '3', '5 hab dobles ', '2021-09-16 12:23:46', '2021-11-01', '2021-11-04', 3, '2021-09-16 12:23:46', 1),
(117, '0002', 0, 1, 0, 2, 0, 4, 119, 16, 8, 1, 1, '', '4', '1 hab doble + 1 sofa cama ', '2021-09-16 12:32:09', '2021-10-25', '2021-10-29', 3, '2021-09-16 12:32:09', 1),
(118, '0002', 0, 0, 0, 4, 0, 3, 113, 12, 6, 1, 1, '', '3', '2 hab dobles ', '2021-09-16 13:02:16', '2022-01-28', '2022-01-31', 3, '2021-09-16 13:02:16', 1),
(119, '0002', 0, 1, 0, 0, 8, 3, 120, 12, 6, 1, 1, '', '4', '2 hab cuadruples + 1 niño ', '2021-09-17 16:42:10', '2022-03-09', '2022-03-13', 3, '2021-09-17 16:42:10', 1),
(120, '0002', 0, 0, 0, 2, 0, 5, 121, 24, 9, 1, 1, '', '3', '1 hab doble ', '2021-09-20 10:18:34', '2021-11-26', '2021-11-29', 3, '2021-09-20 10:18:34', 1),
(121, '0002', 0, 0, 0, 2, 0, 3, 122, 10, 6, 1, 1, '', '3', '1 hab doble ', '2021-09-20 15:04:55', '2021-11-12', '2021-11-15', 3, '2021-09-20 15:04:55', 1),
(122, '0002', 0, 0, 0, 5, 0, 4, 123, 16, 8, 1, 1, '', '3', '2 hab dobles + 1 sofa cama ', '2021-09-20 15:10:26', '2021-10-26', '2021-10-29', 3, '2021-09-20 15:10:26', 1),
(123, '0002', 0, 0, 0, 4, 0, 4, 124, 16, 8, 1, 1, '', '4', '2 hab dobles. ', '2021-09-20 15:21:44', '2021-10-25', '2021-10-29', 3, '2021-09-20 15:21:44', 1),
(124, '0002', 0, 0, 1, 4, 0, 5, 125, 24, 9, 1, 1, '', '3', '1 hab sencilla\n2 hab dobles.', '2021-09-20 15:41:27', '2021-11-26', '2021-11-29', 3, '2021-09-20 15:41:27', 1),
(125, '0002', 0, 0, 0, 2, 0, 4, 126, 19, 8, 1, 1, '', '4', '1 hab doble ', '2021-09-20 15:54:49', '2022-01-10', '2022-01-14', 3, '2021-09-20 15:54:49', 1),
(126, '0002', 0, 0, 0, 2, 0, 2, 127, 3, 1, 1, 1, '', '3', '1 hab doble ', '2021-09-20 16:11:13', '2022-04-22', '2022-04-25', 3, '2021-09-20 16:11:13', 1),
(127, '0002', 0, 0, 0, 2, 0, 4, 128, 16, 8, 1, 1, '', '3', '1 hab doble. ', '2021-09-20 17:17:47', '2021-10-26', '2021-10-29', 3, '2021-09-20 17:17:47', 1),
(128, '0002', 0, 0, 0, 2, 0, 5, 129, 24, 9, 1, 1, '', '4', '1 hab doble ', '2021-09-20 17:59:58', '2021-11-16', '2021-11-20', 3, '2021-09-20 17:59:58', 1),
(129, '0002', 0, 0, 0, 2, 0, 4, 130, 16, 8, 1, 1, '', '3', '1 hab doble', '2021-09-21 13:25:29', '2021-10-26', '2021-10-29', 3, '2021-09-21 13:25:29', 1),
(130, '0002', 0, 0, 0, 2, 0, 4, 131, 16, 8, 1, 1, '', '4', '1 hab doble ', '2021-09-21 14:17:52', '2021-11-05', '2021-11-09', 3, '2021-09-21 14:17:52', 1),
(131, '0002', 0, 0, 0, 2, 0, 4, 132, 17, 8, 1, 1, '', '3', '1 hab doble ', '2021-09-21 15:10:33', '2021-12-16', '2021-12-19', 3, '2021-09-21 15:10:33', 1),
(132, '0002', 0, 0, 0, 0, 11, 3, 133, 12, 6, 1, 1, '', '4', '2 hab cuadruples\n1 hab triple ', '2021-09-21 16:42:03', '2022-01-24', '2022-01-28', 3, '2021-09-21 16:42:03', 1),
(133, '0002', 0, 0, 0, 2, 0, 5, 134, 24, 9, 1, 1, '', '3', '1 hab doble', '2021-09-21 16:56:03', '2021-11-16', '2021-11-19', 3, '2021-09-21 16:56:03', 1),
(134, '0002', 0, 0, 0, 2, 0, 5, 135, 24, 9, 1, 1, '', '3', '1 hab doble ', '2021-09-21 17:05:30', '2021-11-16', '2021-11-19', 3, '2021-09-21 17:05:30', 1),
(135, '0002', 0, 2, 0, 4, 6, 3, 133, 12, 6, 1, 1, '', '4', '2 hab dobles + 2 triples + 2 niños ', '2021-09-22 10:22:02', '2022-01-24', '2022-01-28', 3, '2021-09-22 10:22:02', 1),
(136, '0002', 0, 0, 0, 2, 0, 3, 136, 12, 6, 1, 1, '', '4', '1 hab doble. ', '2021-09-22 10:27:59', '2022-03-01', '2022-03-05', 3, '2021-09-22 10:27:59', 1),
(137, '0002', 0, 0, 1, 0, 0, 3, 137, 11, 6, 1, 1, '', '2', '1 hab sencilla ', '2021-09-22 10:51:08', '2021-12-27', '2021-12-29', 3, '2021-09-22 10:51:08', 1),
(138, '0002', 0, 0, 0, 0, 6, 2, 138, 3, 1, 1, 1, '', '4', '2 hab triples.', '2021-09-22 11:26:08', '2022-02-04', '2022-02-08', 3, '2021-09-22 11:26:08', 1),
(139, '0002', 0, 0, 0, 2, 0, 4, 139, 30, 11, 1, 1, '', '3', '1 hab doble ( suite)', '2021-09-22 12:17:20', '2022-02-10', '2022-02-13', 3, '2021-09-22 12:17:20', 1),
(140, '0002', 0, 0, 0, 2, 0, 4, 140, 16, 8, 1, 1, '', '3', '1 hab doble. ', '2021-09-22 14:13:56', '2021-10-10', '2021-10-13', 3, '2021-09-22 14:13:56', 1),
(141, '0002', 0, 2, 0, 4, 6, 3, 133, 15, 7, 1, 1, '', '4', '2 hab dobles +2 niños\n2 hab triples.', '2021-09-22 16:33:26', '2022-01-24', '2022-01-28', 3, '2021-09-22 16:33:26', 1),
(142, '0002', 0, 2, 0, 4, 6, 3, 133, 49, 14, 1, 1, '', '4', '2 hab dobles + 2 hab triples + 2 niños. ', '2021-09-22 16:41:35', '2022-01-24', '2022-01-28', 3, '2021-09-22 16:41:35', 1),
(143, '0002', 0, 0, 0, 0, 48, 3, 141, 12, 6, 1, 1, '', '5', '6 hab cuadruples\n8 hab triples. ', '2021-09-22 17:20:12', '2022-07-23', '2022-07-28', 3, '2021-09-22 17:20:12', 1),
(144, '0002', 0, 0, 2, 0, 0, 3, 141, 51, 16, 1, 1, '', '5', '2 hab sencilla Junior suite ', '2021-09-22 17:25:42', '2022-07-23', '2022-07-28', 3, '2021-09-22 17:25:42', 1),
(145, '0002', 0, 0, 0, 0, 48, 2, 141, 3, 1, 1, 1, '', '5', '6 hab cuadruples\n8 hab triples. ', '2021-09-22 17:28:19', '2022-07-23', '2022-07-28', 3, '2021-09-22 17:28:19', 1),
(146, '0002', 0, 0, 2, 0, 0, 2, 141, 33, 12, 1, 1, '', '5', '2 hab sencilla - vista al mar ', '2021-09-22 17:30:49', '2022-07-23', '2022-07-28', 3, '2021-09-22 17:30:49', 1),
(147, '0002', 0, 0, 0, 2, 3, 3, 142, 13, 6, 1, 1, '', '4', ' 1 HAB TRIPLE\n1 HAB DOBLE', '2021-09-23 12:37:43', '2022-03-31', '2022-04-04', 3, '2021-09-23 12:37:43', 1),
(148, '0002', 0, 5, 0, 0, 22, 3, 143, 12, 6, 1, 1, '', '3', '4 hab cuádruples \n2 triples + 5 niños. ', '2021-09-24 09:17:43', '2022-02-03', '2022-02-06', 3, '2021-09-24 09:17:43', 1),
(149, '0002', 0, 0, 0, 0, 3, 3, 145, 13, 6, 1, 1, '', '5', '1 hab triple', '2021-09-24 12:46:40', '2022-05-15', '2022-05-20', 3, '2021-09-24 12:46:40', 1),
(150, '0002', 0, 0, 0, 2, 0, 4, 146, 17, 8, 1, 1, '', '3', '1 hab doble.', '2021-09-24 15:06:40', '2021-12-12', '2021-12-15', 3, '2021-09-24 15:06:40', 1),
(151, '0002', 0, 1, 0, 0, 3, 3, 147, 12, 6, 1, 1, '', '5', '1 hab triple + 1 niño. ', '2021-09-24 15:41:28', '2022-02-20', '2022-02-25', 3, '2021-09-24 15:41:28', 1),
(152, '0002', 0, 1, 0, 0, 3, 3, 147, 51, 16, 1, 1, '', '5', '1 hab triple + 1 niño ( junior suite)', '2021-09-24 18:51:40', '2022-02-20', '2022-02-25', 3, '2021-09-24 18:51:40', 1),
(153, '0002', 0, 0, 0, 2, 0, 4, 149, 16, 8, 1, 1, '', '4', '1 hab doble', '2021-09-26 11:45:55', '2021-11-21', '2021-11-25', 3, '2021-09-26 11:45:55', 1),
(154, '0002', 1, 0, 0, 8, 0, 4, 150, 16, 8, 1, 1, '', '2', '4 han dobles + 1 sofá cama', '2021-09-27 14:42:38', '2021-11-21', '2021-11-23', 3, '2021-09-27 14:42:38', 1),
(155, '0002', 0, 0, 0, 2, 0, 4, 151, 16, 8, 1, 1, '', '3', '1 hab doble', '2021-09-27 17:03:49', '2021-11-09', '2021-11-12', 3, '2021-09-27 17:03:49', 1),
(156, '0002', 0, 0, 0, 0, 6, 2, 152, 3, 1, 1, 1, '', '4', '2 hab triples ', '2021-09-27 17:52:51', '2022-03-18', '2022-03-22', 3, '2021-09-27 17:52:51', 1),
(157, '0002', 0, 0, 0, 6, 0, 4, 153, 16, 8, 1, 1, '', '3', '3 hab dobles', '2021-09-27 22:23:23', '2021-11-15', '2021-11-18', 3, '2021-09-27 22:23:23', 1),
(158, '0002', 0, 2, 0, 2, 0, 3, 154, 11, 6, 1, 1, '', '3', '1 hab doble + 2 niños', '2021-09-27 22:54:01', '2022-06-10', '2022-06-13', 3, '2021-09-27 22:54:01', 1),
(159, '0002', 0, 0, 0, 2, 0, 3, 154, 12, 6, 1, 1, '', '5', '1 hab  doble', '2021-09-27 23:58:11', '2022-02-10', '2022-02-15', 3, '2021-09-27 23:58:11', 1),
(160, '0002', 0, 0, 0, 2, 0, 3, 155, 13, 6, 1, 1, '', '4', '1 hab doble', '2021-09-28 09:30:00', '2022-01-07', '2022-01-11', 3, '2021-09-28 09:30:00', 1),
(161, '0002', 0, 0, 0, 2, 0, 3, 155, 15, 7, 1, 1, '', '4', '1 hab doble', '2021-09-28 10:24:36', '2022-01-07', '2022-01-11', 3, '2021-09-28 10:24:36', 1),
(162, '0002', 0, 0, 0, 2, 0, 2, 156, 4, 1, 1, 1, '', '6', '1 hab doble', '2021-09-28 16:48:38', '2022-03-11', '2022-03-17', 3, '2021-09-28 16:48:38', 1),
(163, '0002', 0, 0, 0, 2, 0, 2, 156, 4, 1, 1, 1, '', '6', '1 hab doble', '2021-09-28 16:50:22', '2022-03-11', '2022-03-17', 3, '2021-09-28 16:50:22', 1),
(164, '0002', 1, 0, 0, 2, 0, 5, 157, 24, 9, 1, 1, '', '3', '1 hab doble + 1 infante', '2021-09-28 17:53:44', '2021-10-15', '2021-10-18', 3, '2021-09-28 17:53:44', 1),
(165, '0002', 0, 0, 0, 2, 0, 3, 158, 10, 6, 1, 1, '', '3', '1 hab doble', '2021-09-29 12:17:36', '2021-10-12', '2021-10-15', 3, '2021-09-29 12:17:36', 1),
(166, '0002', 0, 1, 1, 4, 0, 4, 153, 16, 8, 1, 1, '', '3', '1 hab  sencilla\n2 hab dobles + 1 sofá cama', '2021-09-29 17:51:26', '2021-11-15', '2021-11-18', 3, '2021-09-29 17:51:26', 1),
(167, '0002', 0, 0, 0, 2, 0, 4, 159, 16, 8, 1, 1, '', '7', '1 hab doble', '2021-09-30 10:58:58', '2021-11-23', '2021-11-30', 3, '2021-09-30 10:58:58', 1),
(168, '0002', 0, 2, 0, 4, 0, 3, 160, 40, 15, 1, 1, '', '3', '2 hab dobles + 2 niños ', '2021-09-30 12:52:29', '2022-01-17', '2022-01-20', 3, '2021-09-30 12:52:29', 1),
(169, '0002', 0, 0, 1, 4, 0, 5, 161, 25, 9, 1, 1, '', '6', '1 hab sencilla\n2 hab dobles', '2021-09-30 13:21:29', '2022-01-04', '2022-01-10', 3, '2021-09-30 13:21:29', 1),
(170, '0002', 0, 0, 0, 2, 0, 5, 162, 24, 9, 1, 1, '', '3', '1 hab doble', '2021-09-30 14:21:21', '2021-11-11', '2021-11-14', 3, '2021-09-30 14:21:21', 1),
(171, '0002', 0, 0, 0, 6, 0, 2, 164, 3, 1, 1, 1, '', '4', '3 hab dobles. ', '2021-10-01 11:39:43', '2022-03-18', '2022-03-22', 3, '2021-10-01 11:39:43', 1),
(172, '0002', 0, 0, 0, 6, 0, 2, 164, 33, 12, 1, 1, '', '4', '3 hab dobles', '2021-10-01 14:37:00', '2022-03-18', '2022-03-22', 3, '2021-10-01 14:37:00', 1),
(173, '0002', 0, 0, 0, 8, 0, 3, 165, 12, 6, 1, 1, '', '5', '4 han dobles', '2021-10-02 08:17:45', '2022-05-06', '2022-05-11', 3, '2021-10-02 08:17:45', 1),
(174, '0002', 0, 1, 0, 4, 0, 3, 166, 11, 6, 1, 1, '', '3', '2 hab dobles + 1 niño', '2021-10-02 10:18:20', '2022-01-11', '2022-01-14', 3, '2021-10-02 10:18:20', 1),
(175, '0002', 0, 2, 0, 2, 0, 3, 167, 10, 6, 1, 1, '', '4', '1 hab doble + 2 niños', '2021-10-02 12:33:04', '2021-11-15', '2021-11-19', 3, '2021-10-02 12:33:04', 1),
(176, '0002', 0, 0, 0, 2, 0, 4, 168, 18, 8, 1, 1, '', '4', '1 hab doble', '2021-10-04 08:19:30', '2022-10-10', '2022-10-14', 3, '2021-10-04 08:19:30', 1),
(177, '0002', 0, 0, 0, 6, 0, 4, 169, 17, 8, 1, 1, '', '2', '3 hab dobles', '2021-10-04 08:29:33', '2022-01-28', '2022-01-30', 3, '2021-10-04 08:29:33', 1),
(178, '0002', 0, 3, 0, 0, 14, 3, 170, 13, 6, 1, 1, '', '4', '2 hab triples\n2 han cuádruples + 3 niños ', '2021-10-04 10:35:30', '2022-04-13', '2022-04-17', 3, '2021-10-04 10:35:30', 1),
(179, '0002', 0, 3, 0, 2, 3, 4, 170, 30, 11, 1, 1, '', '2', 'Hab doble hab triple', '2021-10-04 12:29:17', '2022-02-16', '2022-02-18', 3, '2021-10-04 12:29:17', 1),
(180, '0002', 0, 1, 0, 2, 0, 3, 171, 13, 6, 1, 1, '', '5', '1 hab doble + 1niño', '2021-10-04 18:40:12', '2022-01-12', '2022-01-17', 3, '2021-10-04 18:40:12', 1),
(181, '0002', 0, 0, 0, 0, 3, 3, 172, 12, 6, 1, 1, '', '4', '1 hab triple', '2021-10-04 19:48:22', '2022-01-27', '2022-01-31', 3, '2021-10-04 19:48:22', 1),
(182, '0002', 0, 1, 0, 2, 0, 3, 173, 10, 6, 1, 1, '', '3', '1 hab doble + 1 niño ', '2021-10-05 09:54:03', '2021-10-12', '2021-10-15', 3, '2021-10-05 09:54:03', 1),
(183, '0002', 0, 0, 0, 2, 0, 3, 174, 10, 6, 1, 1, '', '2', '1 hab doble. ', '2021-10-05 10:11:59', '2021-11-27', '2021-11-29', 3, '2021-10-05 10:11:59', 1),
(184, '0002', 0, 0, 0, 2, 0, 5, 174, 24, 9, 1, 1, '', '2', '1 hab estandar doble. ', '2021-10-05 10:13:53', '2021-11-27', '2021-11-29', 3, '2021-10-05 10:13:53', 1),
(185, '0002', 0, 0, 0, 2, 0, 2, 175, 3, 1, 1, 1, '', '4', '1 hab doble ', '2021-10-05 10:24:36', '2022-02-16', '2022-02-20', 3, '2021-10-05 10:24:36', 1),
(186, '0002', 0, 2, 0, 4, 0, 2, 176, 2, 1, 1, 1, '', '3', '2 hab dobles + 2 niños', '2021-10-05 10:32:09', '2022-04-13', '2022-04-16', 3, '2021-10-05 10:32:09', 1),
(187, '0002', 0, 0, 0, 4, 0, 3, 177, 12, 6, 1, 1, '', '4', '2 hab dobles ', '2021-10-05 10:45:29', '2022-02-16', '2022-02-20', 3, '2021-10-05 10:45:29', 1),
(188, '0002', 1, 2, 1, 4, 0, 2, 178, 3, 1, 1, 1, '', '4', '1 hab sencilla\n1 hab doble + 1 niño + 1 infante\n1 hab doble + 1 niño ', '2021-10-05 10:59:49', '2022-02-08', '2022-02-12', 3, '2021-10-05 10:59:49', 1),
(189, '0002', 0, 0, 0, 2, 0, 3, 179, 10, 6, 1, 1, '', '3', '1 hab doble', '2021-10-06 10:23:25', '2021-10-12', '2021-10-15', 3, '2021-10-06 10:23:25', 1),
(190, '0002', 3, 0, 0, 10, 0, 3, 180, 12, 6, 1, 1, '', '4', '5 hab dobles + 3 infantes. ', '2021-10-06 12:14:21', '2022-01-24', '2022-01-28', 3, '2021-10-06 12:14:21', 1),
(191, '0002', 0, 0, 0, 0, 3, 2, 181, 3, 1, 1, 1, '', '4', '1 hab triple ', '2021-10-06 12:55:23', '2022-02-26', '2022-03-02', 3, '2021-10-06 12:55:23', 1),
(192, '0002', 0, 2, 0, 6, 0, 2, 182, 3, 1, 1, 1, '', '3', '3 hab dobles +2 niños. ', '2021-10-06 15:13:15', '2022-02-12', '2022-02-15', 3, '2021-10-06 15:13:15', 1),
(193, '0002', 0, 3, 0, 0, 15, 3, 184, 12, 6, 1, 1, '', '4', ' 3 hab cuádruples.\n1 hab triple + 3 niños', '2021-10-06 16:24:30', '2022-01-24', '2022-01-28', 3, '2021-10-06 16:24:30', 1),
(194, '0002', 0, 3, 0, 6, 9, 3, 184, 12, 6, 1, 1, '', '4', '3 hab dobles + 1 niño\n3 hab triples + 2 niños ', '2021-10-07 08:33:38', '2022-01-24', '2022-01-28', 3, '2021-10-07 08:33:38', 1),
(195, '0002', 1, 0, 0, 0, 3, 3, 185, 12, 6, 1, 1, '', '4', '1 hab triple + 1 infante', '2021-10-07 15:18:41', '2022-01-24', '2022-01-28', 3, '2021-10-07 15:18:41', 1),
(196, '0002', 0, 2, 0, 2, 0, 3, 186, 12, 6, 1, 1, '', '5', '1 hab doble + 2 niños ', '2021-10-07 15:23:16', '2022-03-28', '2022-04-02', 3, '2021-10-07 15:23:16', 1),
(197, '0002', 0, 1, 0, 2, 0, 3, 187, 12, 6, 1, 1, '', '5', '1 hab doble + 1 niño ', '2021-10-07 15:29:01', '2022-02-26', '2022-03-03', 3, '2021-10-07 15:29:01', 1),
(198, '0002', 0, 0, 0, 0, 4, 3, 188, 11, 6, 1, 1, '', '4', '1 hab cuádruples ', '2021-10-08 10:44:19', '2022-01-24', '2022-01-28', 3, '2021-10-08 10:44:19', 1),
(199, '0002', 1, 2, 0, 6, 9, 3, 184, 12, 6, 1, 1, '', '4', '3 hab dobles + 1 infante\n3 hab triples + 2 niños', '2021-10-08 12:52:09', '2022-01-24', '2022-01-28', 3, '2021-10-08 12:52:09', 1),
(200, '0002', 0, 1, 0, 2, 0, 3, 189, 11, 6, 1, 1, '', '3', '1 hab doble + 1 niño', '2021-10-08 15:33:46', '2022-01-09', '2022-01-12', 3, '2021-10-08 15:33:46', 1),
(201, '0002', 1, 2, 0, 6, 9, 3, 184, 51, 16, 1, 1, '', '4', '3 hab dobles + 1 infante\n3 hab triples + 2 niños ', '2021-10-08 15:59:18', '2022-01-24', '2022-01-28', 3, '2021-10-08 15:59:18', 1),
(202, '0002', 0, 1, 0, 2, 0, 3, 190, 10, 6, 1, 1, '', '2', '1 hab doble + 1 niño', '2021-10-08 16:32:52', '2021-11-16', '2021-11-18', 3, '2021-10-08 16:32:52', 1),
(203, '0002', 0, 0, 0, 2, 0, 2, 191, 32, 12, 5, 1, '', '4', '1 hab doble ', '2021-10-08 20:59:28', '2022-03-15', '2022-03-19', 3, '2021-10-08 20:59:28', 1),
(204, '0002', 0, 0, 0, 0, 11, 2, 191, 3, 1, 5, 1, '', '4', '2 hab cuádruples \n1 hab triple', '2021-10-08 21:02:27', '2022-03-15', '2022-03-19', 3, '2021-10-08 21:02:27', 1),
(205, '0002', 0, 0, 0, 2, 0, 4, 192, 16, 8, 1, 1, '', '3', '1 hab doble', '2021-10-08 21:09:35', '2021-11-19', '2021-11-22', 3, '2021-10-08 21:09:35', 1),
(206, '0002', 0, 0, 0, 2, 0, 2, 193, 3, 1, 1, 1, '', '5', '1 hab foble', '2021-10-08 21:21:55', '2022-02-14', '2022-02-19', 3, '2021-10-08 21:21:55', 1),
(207, '0002', 0, 0, 0, 2, 0, 2, 193, 3, 1, 1, 1, '', '5', '1 hab doble', '2021-10-08 21:23:44', '2022-02-14', '2022-02-19', 3, '2021-10-08 21:23:44', 1),
(208, '0002', 0, 0, 0, 2, 0, 2, 194, 3, 1, 1, 1, '', '6', '1 hab doble ', '2021-10-09 08:09:30', '2022-03-11', '2022-03-17', 3, '2021-10-09 08:09:30', 1),
(209, '0002', 0, 1, 0, 2, 0, 3, 195, 12, 6, 1, 1, '', '4', '1 hab doble + 1 niño ', '2021-10-09 11:46:36', '2022-01-24', '2022-01-28', 3, '2021-10-09 11:46:36', 1),
(210, '0002', 0, 0, 0, 2, 0, 4, 196, 16, 8, 1, 1, '', '3', '1 hab doble', '2021-10-09 17:49:38', '2021-11-15', '2021-11-18', 3, '2021-10-09 17:49:38', 1),
(211, '0002', 0, 0, 0, 2, 0, 4, 196, 16, 8, 1, 1, '', '2', '1 hab doble', '2021-10-09 19:24:17', '2021-11-15', '2021-11-17', 3, '2021-10-09 19:24:17', 1),
(212, '0002', 0, 2, 0, 8, 0, 2, 197, 3, 1, 1, 1, '', '6', '4 hab dobles + 2 niños ', '2021-10-11 08:44:33', '2022-02-21', '2022-02-27', 3, '2021-10-11 08:44:33', 1),
(213, '0002', 0, 0, 0, 2, 0, 5, 198, 24, 9, 1, 1, '', '3', '1 hab doble', '2021-10-11 09:47:26', '2021-11-28', '2021-12-01', 3, '2021-10-11 09:47:26', 1),
(214, '0002', 0, 2, 0, 2, 0, 3, 199, 12, 6, 1, 1, '', '3', '1 hab doble + 2 niños', '2021-10-11 11:07:38', '2022-02-14', '2022-02-17', 3, '2021-10-11 11:07:38', 1),
(215, '0002', 0, 2, 0, 0, 8, 2, 197, 3, 1, 1, 1, '', '5', '2 hab cuádruples + 2 niños ', '2021-10-11 11:12:19', '2022-02-21', '2022-02-26', 3, '2021-10-11 11:12:19', 1),
(216, '0002', 0, 1, 0, 2, 0, 3, 189, 11, 6, 1, 1, '', '3', '1 hab doble + 1 niño', '2021-10-11 11:56:29', '2022-01-16', '2022-01-19', 3, '2021-10-11 11:56:29', 1),
(217, '0002', 0, 0, 0, 2, 0, 3, 200, 11, 6, 1, 1, '', '3', '1 hab doble', '2021-10-11 15:45:49', '2021-12-27', '2021-12-30', 3, '2021-10-11 15:45:49', 1),
(218, '0002', 0, 0, 0, 2, 0, 3, 201, 10, 6, 1, 1, '', '2', '1 hab doble', '2021-10-11 16:31:59', '2021-11-15', '2021-11-17', 3, '2021-10-11 16:31:59', 1),
(219, '0002', 0, 0, 0, 2, 8, 3, 202, 12, 6, 1, 1, '', '3', '1 hab doble\n2 hab cuádruples', '2021-10-11 16:36:26', '2022-02-14', '2022-02-17', 3, '2021-10-11 16:36:26', 1),
(220, '0002', 0, 0, 0, 4, 0, 3, 203, 12, 6, 1, 1, '', '4', '2 hab dobles', '2021-10-11 17:55:55', '2022-02-13', '2022-02-17', 3, '2021-10-11 17:55:55', 1),
(221, '0002', 0, 0, 0, 2, 0, 3, 204, 11, 6, 1, 1, '', '4', '1 hab doble', '2021-10-11 18:09:21', '2022-01-11', '2022-01-15', 3, '2021-10-11 18:09:21', 1),
(222, '0002', 0, 0, 0, 2, 0, 3, 204, 12, 6, 1, 1, '', '4', '1 hab doble', '2021-10-11 18:12:55', '2022-01-24', '2022-01-28', 3, '2021-10-11 18:12:55', 1),
(223, '0002', 0, 0, 0, 2, 0, 4, 205, 16, 8, 1, 1, '', '4', '1 hab doble ', '2021-10-12 20:56:13', '2021-11-09', '2021-11-13', 3, '2021-10-12 20:56:13', 1),
(224, '0002', 0, 1, 0, 2, 0, 2, 207, 3, 1, 1, 1, '', '4', '1 han doble + 1 niño ', '2021-10-13 09:17:36', '2022-02-01', '2022-02-05', 3, '2021-10-13 09:17:36', 1),
(225, '0002', 0, 0, 0, 0, 27, 2, 206, 3, 1, 1, 1, '', '4', '6 hab cuádruples\n1 hab triple ', '2021-10-13 09:22:14', '2022-02-15', '2022-02-19', 3, '2021-10-13 09:22:14', 1),
(226, '0002', 1, 0, 0, 2, 0, 5, 208, 25, 9, 1, 1, '', '3', '1 hab doble + 1 infante', '2021-10-14 10:10:51', '2021-12-10', '2021-12-13', 3, '2021-10-14 10:10:51', 1),
(227, '0002', 1, 0, 0, 2, 0, 5, 208, 24, 9, 1, 1, '', '3', '1 hab doble + 1 infante', '2021-10-14 10:25:12', '2021-12-10', '2021-12-13', 3, '2021-10-14 10:25:12', 1),
(228, '0002', 0, 0, 0, 2, 0, 3, 209, 12, 6, 1, 1, '', '4', '1 hab doble', '2021-10-14 11:54:55', '2022-03-04', '2022-03-08', 3, '2021-10-14 11:54:55', 1),
(229, '0002', 0, 2, 0, 2, 0, 3, 210, 12, 6, 1, 1, '', '3', '1 hab doble + 2 niños ', '2021-10-14 12:11:47', '2022-03-18', '2022-03-21', 3, '2021-10-14 12:11:47', 1),
(230, '0002', 0, 0, 0, 8, 0, 2, 211, 3, 1, 1, 1, '', '4', '4 hab dobles', '2021-10-14 15:44:01', '2022-03-16', '2022-03-20', 3, '2021-10-14 15:44:01', 1),
(231, '0002', 0, 0, 0, 2, 0, 3, 212, 12, 6, 1, 1, '', '4', '1 hab doble', '2021-10-15 08:40:48', '2022-02-03', '2022-02-07', 3, '2021-10-15 08:40:48', 1),
(232, '0002', 0, 0, 0, 0, 30, 3, 213, 12, 6, 1, 1, '', '3', '6 hab triples\n3 hab cuádruples ', '2021-10-15 10:03:03', '2022-02-17', '2022-02-20', 3, '2021-10-15 10:03:03', 1),
(233, '0002', 0, 0, 0, 2, 0, 4, 214, 18, 8, 1, 1, '', '13', '1 hab doble', '2021-10-16 11:10:02', '2022-01-30', '2022-02-12', 3, '2021-10-16 11:10:02', 1),
(234, '0002', 0, 1, 0, 2, 0, 2, 214, 3, 1, 2, 1, '', '5', '1 hab doble + 1 niño ', '2021-10-16 19:23:57', '2022-02-10', '2022-02-15', 3, '2021-10-16 19:23:57', 1),
(235, '0002', 0, 0, 0, 2, 0, 4, 215, 18, 8, 1, 1, '', '3', '1 hab doble', '2021-10-18 17:48:57', '2022-01-19', '2022-01-22', 3, '2021-10-18 17:48:57', 1),
(236, '0002', 0, 0, 0, 2, 0, 2, 216, 3, 1, 1, 1, '', '7', '1 hab doble', '2021-10-19 09:14:45', '2022-02-17', '2022-02-24', 3, '2021-10-19 09:14:45', 1),
(237, '0002', 0, 0, 0, 2, 0, 2, 217, 3, 1, 1, 1, '', '4', '1 hab doble.', '2021-10-19 10:09:40', '2022-03-17', '2022-03-21', 3, '2021-10-19 10:09:40', 1),
(238, '0002', 0, 0, 0, 2, 0, 4, 218, 17, 8, 1, 1, '', '3', '1 hab doble ', '2021-10-19 10:43:59', '2021-12-12', '2021-12-15', 3, '2021-10-19 10:43:59', 1),
(239, '0002', 0, 0, 0, 0, 70, 3, 219, 13, 6, 6, 1, '', '2', '16 hab cuadruples\n2 hab triples ', '2021-10-19 16:56:16', '2023-04-14', '2023-04-16', 3, '2021-10-19 16:56:16', 1),
(240, '0002', 0, 0, 0, 0, 50, 3, 219, 13, 6, 6, 1, '', '3', '14 hab triples\n2 hab cuadruples. ', '2021-10-19 17:05:00', '2023-04-14', '2023-04-17', 3, '2021-10-19 17:05:00', 1),
(241, '0002', 0, 0, 0, 8, 5, 2, 191, 3, 1, 1, 1, '', '5', '1 hab múltiple\n4 hab dobles ', '2021-10-20 10:09:31', '2022-03-10', '2022-03-15', 3, '2021-10-20 10:09:31', 1),
(242, '0002', 1, 0, 0, 2, 0, 4, 220, 31, 11, 1, 1, '', '3', '1 hab doble', '2021-10-20 10:26:03', '2021-11-01', '2021-11-04', 3, '2021-10-20 10:26:03', 1),
(243, '0002', 0, 0, 0, 2, 0, 4, 220, 30, 11, 1, 1, '', '3', '1 hab doble', '2021-10-20 10:27:51', '2021-11-01', '2021-11-04', 3, '2021-10-20 10:27:51', 1),
(244, '0002', 0, 1, 0, 0, 3, 2, 221, 4, 1, 1, 1, '', '4', '1 hab triple + 1 niño', '2021-10-20 19:19:03', '2022-04-10', '2022-04-14', 3, '2021-10-20 19:19:03', 1),
(245, '0002', 0, 0, 0, 2, 0, 4, 222, 18, 8, 1, 1, '', '5', '1 hab  doble', '2021-10-20 19:39:16', '2022-09-12', '2022-09-17', 3, '2021-10-20 19:39:16', 1),
(246, '0002', 0, 0, 0, 2, 0, 2, 222, 3, 1, 1, 1, '', '5', '1 hab doble estándar ', '2021-10-20 19:43:42', '2022-09-12', '2022-09-17', 3, '2021-10-20 19:43:42', 1),
(247, '0002', 0, 0, 0, 2, 0, 3, 222, 12, 6, 1, 1, '', '5', '1 hab doble', '2021-10-20 19:45:22', '2022-09-12', '2022-09-17', 3, '2021-10-20 19:45:22', 1),
(248, '0002', 0, 0, 0, 0, 4, 2, 91, 3, 1, 1, 1, '', '4', '1 hab cuádruple', '2021-10-20 21:15:04', '2022-02-15', '2022-02-19', 3, '2021-10-20 21:15:04', 1),
(249, '0002', 0, 0, 0, 0, 9, 3, 223, 13, 6, 1, 1, '', '4', '3 hab triples', '2021-10-21 10:53:36', '2022-01-17', '2022-01-21', 3, '2021-10-21 10:53:36', 1),
(250, '0002', 0, 10, 0, 0, 60, 2, 219, 4, 1, 6, 1, '', '3', '12 hab triples + 10 niños \n6 hab cuádruples ', '2021-10-21 11:05:49', '2022-04-14', '2022-04-17', 3, '2021-10-21 11:05:49', 1),
(251, '0002', 0, 10, 0, 0, 60, 2, 219, 4, 1, 6, 1, '', '3', '12 hab triples + 10 niños \n6 hab cuadruples', '2021-10-21 11:08:52', '2023-04-14', '2023-04-17', 3, '2021-10-21 11:08:52', 1),
(252, '0002', 0, 2, 0, 2, 0, 2, 224, 3, 1, 1, 1, '', '4', '1 hab doble + 2 niños ', '2021-10-21 11:14:15', '2022-02-25', '2022-03-01', 3, '2021-10-21 11:14:15', 1),
(253, '0002', 0, 3, 0, 2, 0, 3, 226, 10, 6, 1, 1, '', '3', '1 hab doble + 3 niños ', '2021-10-21 17:21:49', '2021-11-23', '2021-11-26', 3, '2021-10-21 17:21:49', 1),
(254, '0002', 0, 0, 0, 2, 0, 3, 227, 11, 6, 1, 1, '', '4', '1 hab doble', '2021-10-21 17:48:32', '2021-12-26', '2021-12-30', 3, '2021-10-21 17:48:32', 1),
(255, '0002', 0, 0, 0, 2, 0, 2, 228, 3, 1, 1, 1, '', '4', '1 hab doble ', '2021-10-22 14:02:54', '2022-03-06', '2022-03-10', 3, '2021-10-22 14:02:54', 1),
(256, '0002', 0, 0, 0, 6, 0, 3, 229, 13, 6, 1, 1, '', '3', '3 hab dobles ', '2021-10-22 14:36:17', '2022-01-10', '2022-01-13', 3, '2021-10-22 14:36:17', 1),
(257, '0002', 0, 1, 0, 2, 0, 3, 230, 11, 6, 1, 1, '', '3', '1 hab doble + 1 niño', '2021-10-23 08:28:20', '2021-12-27', '2021-12-30', 3, '2021-10-23 08:28:20', 1),
(258, '0002', 0, 0, 1, 0, 0, 5, 231, 24, 9, 1, 1, '', '1', '1 hab sencilla', '2021-10-23 10:53:36', '2021-10-26', '2021-10-27', 3, '2021-10-23 10:53:36', 1),
(259, '0002', 0, 0, 0, 8, 0, 5, 232, 25, 9, 1, 1, '', '4', '4 hab dobles', '2021-10-23 12:22:28', '2022-01-06', '2022-01-10', 3, '2021-10-23 12:22:28', 1),
(260, '0002', 0, 0, 0, 2, 0, 5, 232, 24, 9, 1, 1, '', '2', '1 hab doble ', '2021-10-24 22:23:41', '2021-10-24', '2021-10-26', 3, '2021-10-24 22:23:41', 1),
(261, '0002', 0, 0, 0, 2, 0, 2, 233, 3, 1, 1, 1, '', '3', '1 hab doble', '2021-10-25 06:49:30', '2022-03-30', '2022-04-02', 3, '2021-10-25 06:49:30', 1),
(262, '0002', 0, 0, 0, 2, 3, 3, 234, 15, 7, 1, 1, '', '5', '1 hab doble\n1 hab triple', '2021-10-25 06:58:24', '2022-01-07', '2022-01-12', 3, '2021-10-25 06:58:24', 1),
(263, '0002', 0, 0, 0, 0, 3, 2, 235, 3, 1, 1, 1, '', '2', '1 hab triple', '2021-10-26 06:13:27', '2022-04-22', '2022-04-24', 3, '2021-10-26 06:13:27', 1),
(264, '0002', 1, 1, 0, 2, 0, 3, 236, 10, 6, 1, 1, '', '3', '1 hab doble + 1 niño + 1 infante', '2021-10-26 06:38:35', '2021-11-22', '2021-11-25', 3, '2021-10-26 06:38:35', 1),
(265, '0002', 0, 0, 0, 10, 0, 4, 237, 19, 8, 5, 1, '', '3', '5 hab dobles', '2021-10-26 07:08:58', '2022-04-11', '2022-04-14', 3, '2021-10-26 07:08:58', 1),
(266, '0002', 0, 0, 0, 2, 0, 3, 238, 12, 6, 1, 1, '', '3', '1 hab doble', '2021-10-26 07:16:44', '2022-01-07', '2022-01-10', 3, '2021-10-26 07:16:44', 1),
(267, '0002', 0, 0, 0, 2, 0, 3, 238, 15, 7, 1, 1, '', '3', '1 hab doble ', '2021-10-26 07:17:37', '2022-01-07', '2022-01-10', 3, '2021-10-26 07:17:37', 1),
(268, '0002', 0, 0, 0, 4, 0, 4, 239, 19, 8, 1, 1, '', '3', '2 hab dobles', '2021-10-26 10:29:45', '2022-01-13', '2022-01-16', 3, '2021-10-26 10:29:45', 1),
(269, '0002', 0, 0, 0, 0, 3, 2, 240, 2, 1, 1, 1, '', '8', '1 hab triple ', '2021-10-26 14:21:07', '2022-03-02', '2022-03-10', 3, '2021-10-26 14:21:07', 1),
(270, '0002', 0, 0, 1, 2, 0, 4, 235, 18, 8, 1, 1, '', '2', '1 hab doble\n1 hab sencilla ', '2021-10-27 10:55:52', '2022-04-22', '2022-04-24', 3, '2021-10-27 10:55:52', 1),
(271, '0002', 0, 1, 0, 0, 14, 3, 241, 12, 6, 1, 1, '', '2', '2 hab triples + 1 niño \n2 hab cuadruples ', '2021-10-27 11:10:09', '2022-03-05', '2022-03-07', 3, '2021-10-27 11:10:09', 1),
(272, '0002', 0, 2, 0, 0, 10, 2, 242, 3, 1, 1, 1, '', '5', '2  hab triple + 2 niños \n1 hab cuadruples', '2021-10-27 13:27:08', '2022-02-22', '2022-02-27', 3, '2021-10-27 13:27:08', 1),
(273, '0002', 0, 0, 0, 0, 40, 3, 243, 10, 6, 1, 1, '', '2', '10  hab cuádruples.', '2021-10-27 14:37:52', '2021-11-16', '2021-11-18', 3, '2021-10-27 14:37:52', 1),
(274, '0002', 0, 0, 0, 2, 0, 3, 244, 12, 6, 1, 1, '', '4', '1 hab doble', '2021-10-27 17:48:36', '2022-03-14', '2022-03-18', 3, '2021-10-27 17:48:36', 1),
(275, '0002', 1, 0, 0, 0, 14, 3, 241, 12, 6, 1, 1, '', '2', '2 hab triples + 1 infante \n2 hab cuadruples', '2021-10-28 12:21:50', '2022-03-05', '2022-03-07', 3, '2021-10-28 12:21:50', 1),
(276, '0002', 0, 0, 0, 0, 3, 2, 245, 3, 1, 1, 1, '', '4', '1 hab triple', '2021-10-28 16:37:04', '2022-02-24', '2022-02-28', 3, '2021-10-28 16:37:04', 1),
(277, '0002', 0, 1, 0, 2, 3, 3, 246, 13, 6, 1, 1, '', '3', '1 hab doble + 1 niño\n1 hab triple', '2021-10-28 16:44:20', '2022-04-22', '2022-04-25', 3, '2021-10-28 16:44:20', 1),
(278, '0002', 0, 0, 0, 2, 0, 4, 247, 18, 8, 1, 1, '', '8', '1 hab doble estándar ', '2021-10-28 16:50:03', '2022-01-16', '2022-01-24', 3, '2021-10-28 16:50:03', 1),
(279, '0002', 0, 0, 0, 2, 0, 3, 248, 12, 6, 1, 1, '', '4', '1 hab doble', '2021-10-28 22:34:28', '2022-02-10', '2022-02-14', 3, '2021-10-28 22:34:28', 1),
(280, '0002', 0, 1, 0, 0, 7, 2, 249, 3, 1, 1, 1, '', '4', '1 hab triple + 1 niño \n1 hab cuádruple', '2021-10-29 13:37:46', '2022-03-14', '2022-03-18', 3, '2021-10-29 13:37:46', 1),
(281, '0002', 0, 0, 0, 2, 0, 3, 250, 12, 6, 1, 1, '', '4', '1 hab doble', '2021-10-29 13:53:38', '2022-02-10', '2022-02-14', 3, '2021-10-29 13:53:38', 1),
(282, '0002', 1, 1, 2, 2, 7, 3, 251, 12, 6, 1, 1, '', '4', '1 hab cuádruple\n1 hab triple\n1 hab doble\n2 hab sencillas + 1 niño+ 1 infante ', '2021-10-31 10:17:46', '2022-02-07', '2022-02-11', 3, '2021-10-31 10:17:46', 1),
(283, '0002', 0, 1, 0, 2, 0, 3, 252, 12, 6, 1, 1, '', '3', '1 hab doble + 1 niño ', '2021-11-01 20:29:09', '2022-04-29', '2022-05-02', 3, '2021-11-01 20:29:09', 1),
(284, '0002', 0, 1, 0, 2, 0, 3, 253, 12, 6, 1, 1, '', '3', '1 hab doble + 1 niño ', '2021-11-02 08:35:26', '2022-05-19', '2022-05-22', 3, '2021-11-02 08:35:26', 1),
(285, '0002', 0, 0, 0, 2, 0, 3, 254, 13, 6, 1, 1, '', '3', '1 hab doble', '2021-11-02 11:06:17', '2022-03-18', '2022-03-21', 3, '2021-11-02 11:06:17', 1),
(286, '0002', 0, 0, 0, 2, 0, 2, 255, 3, 1, 1, 1, '', '3', '1 hab doble', '2021-11-02 11:37:04', '2022-03-18', '2022-03-21', 3, '2021-11-02 11:37:04', 1),
(287, '0002', 0, 1, 0, 0, 7, 3, 256, 12, 6, 1, 1, '', '4', '1 hab triple + 1 niño\n1 hab cuádruple', '2021-11-03 09:44:18', '2022-02-21', '2022-02-25', 3, '2021-11-03 09:44:18', 1),
(288, '0002', 0, 0, 0, 2, 0, 2, 257, 3, 1, 1, 1, '', '4', '1 hab doble', '2021-11-03 09:54:52', '2022-02-14', '2022-02-18', 3, '2021-11-03 09:54:52', 1),
(289, '0002', 0, 1, 0, 4, 3, 3, 256, 12, 6, 1, 1, '', '4', '2 hab dobles\n1 hab triple + 1 niño ', '2021-11-03 10:11:05', '2022-02-21', '2022-02-25', 3, '2021-11-03 10:11:05', 1),
(290, '0002', 0, 0, 0, 6, 0, 4, 258, 17, 8, 1, 1, '', '9', '3 hab dobles', '2021-11-03 10:28:16', '2021-12-07', '2021-12-16', 3, '2021-11-03 10:28:16', 1),
(291, '0002', 0, 0, 0, 2, 3, 2, 259, 3, 1, 1, 1, '', '3', '1 hab doble\n1 hab triple', '2021-11-03 14:33:46', '2022-03-20', '2022-03-23', 3, '2021-11-03 14:33:46', 1),
(292, '0002', 0, 0, 0, 2, 3, 3, 259, 12, 6, 1, 1, '', '3', '1 hab doble\n1 hab triple', '2021-11-03 15:04:25', '2022-03-20', '2022-03-23', 3, '2021-11-03 15:04:25', 1),
(293, '0002', 0, 0, 0, 2, 0, 4, 260, 19, 8, 1, 1, '', '3', '1 hab doble', '2021-11-04 14:41:55', '2022-01-13', '2022-01-16', 3, '2021-11-04 14:41:55', 1),
(294, '0002', 0, 0, 0, 0, 20, 2, 261, 3, 1, 1, 1, '', '3', '5 hab cuádruples', '2021-11-05 09:01:15', '2022-08-12', '2022-08-15', 3, '2021-11-05 09:01:15', 1),
(295, '0002', 0, 2, 0, 0, 11, 3, 262, 13, 6, 1, 1, '', '4', '2 hab cuádruples\n1 hab triple + 2 niños ', '2021-11-05 10:53:49', '2022-04-04', '2022-04-08', 3, '2021-11-05 10:53:49', 1),
(296, '0002', 0, 0, 0, 0, 3, 3, 263, 10, 6, 1, 1, '', '2', '1 hab triple', '2021-11-05 14:16:52', '2021-11-16', '2021-11-18', 3, '2021-11-05 14:16:52', 1),
(297, '0002', 0, 1, 0, 0, 4, 2, 264, 3, 1, 1, 1, '', '3', '1 hab cuádruple  + 1 niño', '2021-11-06 10:16:49', '2022-01-31', '2022-02-03', 3, '2021-11-06 10:16:49', 1),
(298, '0002', 0, 0, 0, 2, 0, 3, 265, 12, 6, 1, 1, '', '2', '1 hab doble', '2021-11-06 12:11:58', '2022-02-01', '2022-02-03', 3, '2021-11-06 12:11:58', 1),
(299, '0002', 0, 0, 0, 2, 0, 4, 265, 18, 8, 1, 1, '', '2', '1 hab doble', '2021-11-06 12:14:22', '2022-02-01', '2022-02-03', 3, '2021-11-06 12:14:22', 1),
(300, '0002', 0, 2, 0, 2, 0, 2, 266, 3, 1, 1, 1, '', '4', '1 hab doble + 2 niños ', '2021-11-07 11:56:16', '2022-05-13', '2022-05-17', 3, '2021-11-07 11:56:16', 1),
(301, '0002', 0, 1, 0, 2, 0, 2, 267, 3, 1, 1, 1, '', '4', '1 hab doble + 1 niño', '2021-11-07 14:30:48', '2022-08-26', '2022-08-30', 3, '2021-11-07 14:30:48', 1),
(302, '0002', 0, 0, 0, 4, 0, 2, 269, 3, 1, 1, 1, '', '6', '2 hab dobles', '2021-11-08 09:26:11', '2022-02-25', '2022-03-03', 3, '2021-11-08 09:26:11', 1),
(303, '0002', 1, 0, 0, 2, 0, 4, 268, 19, 8, 1, 1, '', '2', '1 hab doble + 1 infante ', '2021-11-08 09:59:09', '2022-01-16', '2022-01-18', 3, '2021-11-08 09:59:09', 1),
(304, '0002', 1, 2, 0, 4, 12, 3, 184, 12, 6, 1, 1, '', '4', '2 hab dobles + infante\n4 hab triples + 2 niños ', '2021-11-09 14:05:36', '2022-01-24', '2022-01-28', 3, '2021-11-09 14:05:36', 1),
(305, '0002', 0, 1, 0, 0, 3, 3, 270, 12, 6, 1, 1, '', '4', '1 hab doble + 1 niño ', '2021-11-09 15:29:19', '2022-02-22', '2022-02-26', 3, '2021-11-09 15:29:19', 1),
(306, '0002', 0, 0, 0, 2, 0, 3, 271, 12, 6, 1, 1, '', '3', '1 hab doble ', '2021-11-09 15:37:16', '2022-06-17', '2022-06-20', 3, '2021-11-09 15:37:16', 1),
(307, '0002', 0, 0, 0, 2, 0, 3, 272, 51, 16, 1, 1, '', '3', '1 hab doble', '2021-11-09 15:43:53', '2022-08-12', '2022-08-15', 3, '2021-11-09 15:43:53', 1);
INSERT INTO `cotizacion` (`id`, `cod_vendedor`, `n_infante`, `n_child`, `n_adult_s`, `n_adult_d`, `n_adult_t_c`, `id_hotel`, `id_titular`, `id_tarifa`, `id_plan`, `id_motivo`, `id_terminos`, `cod_res`, `noche`, `acomodo`, `fecha_expedicion`, `fecha_entrada`, `fecha_salida`, `id_autor`, `fecha_crea`, `activo`) VALUES
(308, '0002', 0, 0, 0, 4, 0, 3, 256, 12, 6, 1, 1, '', '4', '2 hab dobles', '2021-11-10 07:41:53', '2022-02-21', '2022-02-25', 3, '2021-11-10 07:41:53', 1),
(309, '0002', 0, 0, 0, 4, 0, 3, 256, 51, 16, 1, 1, '', '4', '2 hab dobles junior suite ', '2021-11-10 08:20:37', '2022-02-21', '2022-02-25', 3, '2021-11-10 08:20:37', 1),
(310, '0002', 0, 0, 0, 0, 6, 3, 274, 12, 6, 1, 1, '', '3', '2 hab triples', '2021-11-10 09:27:57', '2022-03-19', '2022-03-22', 3, '2021-11-10 09:27:57', 1),
(311, '0002', 0, 0, 1, 2, 0, 4, 275, 18, 8, 1, 1, '', '5', '1 hab doble\n1 hab sencilla ', '2021-11-10 11:25:12', '2022-01-16', '2022-01-21', 3, '2021-11-10 11:25:12', 1),
(312, '0002', 0, 0, 0, 2, 0, 2, 276, 3, 1, 1, 1, '', '3', '1 hab doble ', '2021-11-10 11:39:09', '2022-02-21', '2022-02-24', 3, '2021-11-10 11:39:09', 1),
(313, '0002', 0, 2, 0, 0, 7, 2, 277, 3, 1, 1, 1, '', '3', '1 hab triple + 2 niños \n1 hab cuadruple', '2021-11-10 11:53:44', '2022-02-08', '2022-02-11', 3, '2021-11-10 11:53:44', 1),
(314, '0002', 0, 0, 0, 2, 0, 2, 278, 32, 12, 1, 1, '', '4', '1 hab doble vista al mar', '2021-11-10 11:59:49', '2022-03-02', '2022-03-06', 3, '2021-11-10 11:59:49', 1),
(315, '0002', 0, 0, 0, 2, 0, 3, 279, 12, 6, 1, 1, '', '4', '1 hab doble', '2021-11-11 10:02:11', '2022-02-21', '2022-02-25', 3, '2021-11-11 10:02:11', 1),
(316, '0002', 0, 0, 0, 2, 0, 3, 280, 12, 6, 1, 1, '', '4', '1 hab doble', '2021-11-11 11:23:58', '2022-02-13', '2022-02-17', 3, '2021-11-11 11:23:58', 1),
(317, '0002', 0, 0, 0, 4, 0, 2, 282, 3, 1, 1, 1, '', '1', '2 hab dobles', '2021-11-11 16:52:03', '2022-02-09', '2022-02-10', 3, '2021-11-11 16:52:03', 1),
(318, '0002', 1, 2, 0, 0, 18, 3, 283, 12, 6, 1, 1, '', '7', ' 3 hab cuadruples\n 2 hab triples + 2 niños + 1 infante', '2021-11-11 17:16:56', '2022-04-27', '2022-05-04', 3, '2021-11-11 17:16:56', 1),
(319, '0002', 1, 1, 0, 6, 0, 3, 284, 12, 6, 1, 1, '', '3', '3 hab dobles + 1 niño + 1 infante ', '2021-11-11 17:26:23', '2022-02-13', '2022-02-16', 3, '2021-11-11 17:26:23', 1),
(320, '0002', 0, 2, 0, 2, 3, 3, 285, 12, 6, 1, 1, '', '5', '1 hab doble + 2 niños \n1 hab triple', '2021-11-12 09:09:12', '2022-02-05', '2022-02-10', 3, '2021-11-12 09:09:12', 1),
(321, '0002', 0, 0, 0, 2, 0, 3, 286, 12, 6, 1, 1, '', '7', '1 hab doble', '2021-11-12 10:05:30', '2022-03-12', '2022-03-19', 3, '2021-11-12 10:05:30', 1),
(322, '0002', 0, 1, 0, 8, 0, 2, 286, 3, 1, 1, 1, '', '2', '4 dobles + 1 niño', '2021-11-12 10:40:33', '2022-02-03', '2022-02-05', 3, '2021-11-12 10:40:33', 1),
(323, '0002', 0, 0, 0, 2, 0, 3, 287, 12, 6, 1, 1, '', '3', '1 hab doble ', '2021-11-12 11:17:03', '2022-02-05', '2022-02-08', 3, '2021-11-12 11:17:03', 1),
(324, '0002', 0, 0, 0, 8, 0, 3, 288, 12, 6, 1, 1, '', '5', '4 hab dobles ', '2021-11-12 12:00:54', '2022-03-10', '2022-03-15', 3, '2021-11-12 12:00:54', 1),
(325, '0002', 0, 0, 0, 0, 8, 3, 288, 12, 6, 1, 1, '', '5', '2 hab cuadruples', '2021-11-12 12:02:03', '2022-03-10', '2022-03-15', 3, '2021-11-12 12:02:03', 1),
(326, '0002', 0, 1, 0, 2, 0, 2, 289, 3, 1, 1, 1, '', '5', '1 hab doble + 1 niño ', '2021-11-12 12:14:30', '2022-08-02', '2022-08-07', 3, '2021-11-12 12:14:30', 1),
(327, '0002', 0, 0, 0, 0, 4, 2, 290, 3, 1, 1, 1, '', '5', '1 hab cuadruple', '2021-11-12 12:30:08', '2022-02-17', '2022-02-22', 3, '2021-11-12 12:30:08', 1),
(328, '0002', 0, 0, 0, 2, 0, 3, 291, 11, 6, 1, 1, '', '3', '1 hab doble', '2021-11-12 12:45:47', '2021-12-16', '2021-12-19', 3, '2021-11-12 12:45:47', 1),
(329, '0002', 0, 0, 0, 0, 4, 3, 256, 12, 6, 1, 1, '', '4', '1 hab cuádruple.\nNota: 2 camas dobles ', '2021-11-12 12:53:25', '2022-02-21', '2022-02-25', 3, '2021-11-12 12:53:25', 1),
(330, '0002', 0, 0, 0, 2, 0, 2, 292, 3, 1, 1, 1, '', '3', '1 hab doble', '2021-11-12 13:07:49', '2022-06-03', '2022-06-06', 3, '2021-11-12 13:07:49', 1),
(331, '0002', 0, 1, 0, 2, 0, 4, 289, 18, 8, 1, 1, '', '5', '1 hab doble + 1 niño ', '2021-11-12 13:57:06', '2022-08-02', '2022-08-07', 3, '2021-11-12 13:57:06', 1),
(332, '0002', 1, 0, 0, 4, 0, 3, 293, 11, 6, 1, 1, '', '2', '2 hab dobles + 1 infante ', '2021-11-12 15:26:16', '2021-12-07', '2021-12-09', 3, '2021-11-12 15:26:16', 1),
(333, '0002', 1, 2, 0, 8, 0, 3, 228, 47, 13, 4, 1, '', '5', '4 habitación doble + 2 niños + 1 infante ', '2021-11-12 17:02:32', '2022-02-10', '2022-02-15', 3, '2021-11-12 17:02:32', 1),
(334, '0002', 0, 0, 0, 0, 4, 3, 295, 12, 6, 1, 1, '', '3', '1 hab cuadruple', '2021-11-12 19:58:11', '2022-02-03', '2022-02-06', 3, '2021-11-12 19:58:11', 1),
(335, '0002', 0, 0, 0, 2, 0, 3, 296, 13, 6, 1, 1, '', '3', '1 hab doble ', '2021-11-12 20:01:49', '2022-01-10', '2022-01-13', 3, '2021-11-12 20:01:49', 1),
(336, '0002', 0, 2, 0, 2, 0, 3, 297, 12, 6, 1, 1, '', '4', '1 hab doble + 2 niños ', '2021-11-13 09:44:50', '2022-09-11', '2022-09-15', 3, '2021-11-13 09:44:50', 1),
(337, '0002', 0, 0, 0, 0, 7, 2, 298, 3, 1, 1, 1, '', '3', '1 hab cuadruple\n1 hab triple ', '2021-11-13 09:57:56', '2022-02-11', '2022-02-14', 3, '2021-11-13 09:57:56', 1),
(338, '0002', 1, 1, 0, 2, 0, 2, 299, 3, 1, 1, 1, '', '4', '1 hab doble + 1 niño + 1infante', '2021-11-13 13:15:18', '2022-03-08', '2022-03-12', 3, '2021-11-13 13:15:18', 1),
(339, '0002', 0, 2, 2, 0, 0, 3, 297, 12, 6, 1, 1, '', '4', '2 hab sencillas + 2 niños', '2021-11-13 16:42:00', '2022-09-11', '2022-09-15', 3, '2021-11-13 16:42:00', 1),
(340, '0002', 0, 0, 0, 2, 0, 2, 300, 2, 1, 1, 1, '', '2', '1 hab doble', '2021-11-14 15:10:26', '2021-12-06', '2021-12-08', 3, '2021-11-14 15:10:26', 1),
(341, '0002', 0, 0, 1, 0, 0, 3, 301, 12, 6, 1, 1, '', '4', '1 hab sencilla ', '2021-11-15 08:49:02', '2022-02-15', '2022-02-19', 3, '2021-11-15 08:49:02', 1),
(342, '0002', 0, 0, 0, 2, 0, 4, 302, 18, 8, 1, 1, '', '5', '1 hab doble ', '2021-11-15 09:10:55', '2022-02-03', '2022-02-08', 3, '2021-11-15 09:10:55', 1),
(343, '0002', 0, 0, 0, 2, 0, 3, 302, 12, 6, 1, 1, '', '5', '1 hab doble', '2021-11-15 10:13:30', '2022-02-03', '2022-02-08', 3, '2021-11-15 10:13:30', 1),
(344, '0002', 1, 0, 0, 4, 3, 3, 303, 12, 6, 1, 1, '', '4', '2 hab dobles\n1 hab triple + 1 infante ', '2021-11-15 11:14:01', '2022-02-13', '2022-02-17', 3, '2021-11-15 11:14:01', 1),
(345, '0002', 1, 0, 1, 6, 0, 3, 284, 12, 6, 1, 1, '', '3', '3 hab dobles + 1 infante \n1 hab sencilla', '2021-11-15 11:19:32', '2022-02-13', '2022-02-16', 3, '2021-11-15 11:19:32', 1),
(346, '0002', 0, 0, 0, 0, 3, 2, 304, 3, 1, 1, 1, '', '4', '1 hab triple', '2021-11-15 11:57:47', '2022-02-08', '2022-02-12', 3, '2021-11-15 11:57:47', 1),
(347, '0002', 1, 1, 1, 6, 0, 3, 284, 12, 6, 1, 1, '', '3', '3 hab dobles + 1 infante + 1 niño \n1 hab sencilla ', '2021-11-15 12:13:01', '2022-02-13', '2022-02-16', 3, '2021-11-15 12:13:01', 1),
(348, '0002', 0, 2, 0, 2, 0, 4, 305, 18, 8, 1, 1, '', '4', '1 hab doble + 2 niños', '2021-11-15 12:52:31', '2022-01-18', '2022-01-22', 3, '2021-11-15 12:52:31', 1),
(349, '0002', 1, 1, 0, 4, 3, 3, 284, 12, 6, 1, 1, '', '3', '2 hab dobles + 1 infante + 1 niño\n1 hab triple', '2021-11-16 09:55:23', '2022-02-13', '2022-02-16', 3, '2021-11-16 09:55:23', 1),
(350, '0002', 1, 0, 0, 2, 0, 3, 307, 12, 6, 1, 1, '', '5', '1 hab doble + 1 infante ', '2021-11-16 10:16:45', '2022-02-26', '2022-03-03', 3, '2021-11-16 10:16:45', 1),
(351, '0002', 0, 0, 0, 2, 0, 3, 308, 11, 6, 1, 1, '', '3', '1 hab doble', '2021-11-16 16:23:22', '2021-12-16', '2021-12-19', 3, '2021-11-16 16:23:22', 1),
(352, '0002', 0, 2, 0, 2, 0, 4, 309, 18, 8, 1, 1, '', '3', '1 hab doble + 1 sofá cama ', '2021-11-16 18:02:31', '2022-01-19', '2022-01-22', 3, '2021-11-16 18:02:31', 1),
(353, '0002', 0, 0, 1, 0, 0, 4, 309, 18, 8, 1, 1, '', '2', '1 hab sencilla ', '2021-11-16 18:06:10', '2022-01-17', '2022-01-19', 3, '2021-11-16 18:06:10', 1),
(354, '0002', 0, 1, 0, 2, 3, 2, 310, 3, 1, 1, 1, '', '6', '1 hab doble + 1 niño\n1 hab triple', '2021-11-16 18:17:20', '2022-05-05', '2022-05-11', 3, '2021-11-16 18:17:20', 1),
(355, '0002', 1, 0, 0, 4, 3, 3, 303, 51, 16, 1, 1, '', '4', '2 hab dobles\n1 hab triple + 1 infante ( junior suite ) ', '2021-11-17 09:23:58', '2022-03-13', '2022-03-17', 3, '2021-11-17 09:23:58', 1),
(356, '0002', 0, 0, 0, 4, 0, 2, 311, 3, 1, 1, 1, '', '4', '2 hab dobles', '2021-11-17 12:29:20', '2022-02-17', '2022-02-21', 3, '2021-11-17 12:29:20', 1),
(357, '0002', 0, 0, 0, 0, 4, 2, 311, 3, 1, 1, 1, '', '11', '1 hab cuádruple', '2021-11-17 12:31:52', '2022-02-17', '2022-02-28', 3, '2021-11-17 12:31:52', 1),
(358, '0002', 0, 0, 0, 0, 8, 2, 312, 3, 1, 1, 1, '', '6', '2 hab cuádruples', '2021-11-17 12:35:50', '2022-05-05', '2022-05-11', 3, '2021-11-17 12:35:50', 1),
(359, '0002', 0, 0, 0, 4, 0, 2, 311, 3, 1, 1, 1, '', '4', '2 hab dobles', '2021-11-17 12:41:27', '2022-02-17', '2022-02-21', 3, '2021-11-17 12:41:27', 1),
(360, '0002', 0, 0, 0, 0, 4, 2, 311, 3, 1, 1, 1, '', '5', '1 hab cuádruple', '2021-11-17 12:42:51', '2022-02-17', '2022-02-22', 3, '2021-11-17 12:42:51', 1),
(361, '0002', 0, 0, 0, 0, 3, 3, 313, 12, 6, 1, 1, '', '4', '1 hab triple', '2021-11-17 12:49:21', '2022-03-17', '2022-03-21', 3, '2021-11-17 12:49:21', 1),
(362, '0002', 0, 0, 0, 0, 8, 3, 312, 12, 6, 1, 1, '', '6', '2 hab cuádruples', '2021-11-17 13:05:20', '2022-05-05', '2022-05-11', 3, '2021-11-17 13:05:20', 1),
(363, '0002', 0, 0, 0, 4, 4, 3, 312, 12, 6, 1, 1, '', '6', '2 hab dobles\n1 hab cuadruple', '2021-11-17 13:07:11', '2022-05-05', '2022-05-11', 3, '2021-11-17 13:07:11', 1),
(364, '0002', 0, 0, 0, 4, 0, 3, 311, 12, 6, 1, 1, '', '4', '2 hab dobles', '2021-11-17 13:16:01', '2022-02-01', '2022-02-05', 3, '2021-11-17 13:16:01', 1),
(365, '0002', 0, 0, 0, 2, 0, 3, 286, 12, 6, 1, 1, '', '2', '1 hab doble', '2021-11-17 14:21:14', '2022-03-12', '2022-03-14', 3, '2021-11-17 14:21:14', 1),
(366, '0002', 0, 0, 0, 2, 0, 3, 314, 12, 6, 1, 1, '', '3', '1 hab doble', '2021-11-17 14:25:30', '2022-02-23', '2022-02-26', 3, '2021-11-17 14:25:30', 1),
(367, '0002', 0, 0, 0, 2, 0, 2, 314, 3, 1, 1, 1, '', '3', '1 hab doble', '2021-11-17 14:28:12', '2022-02-23', '2022-02-26', 3, '2021-11-17 14:28:12', 1),
(368, '0002', 0, 0, 0, 0, 3, 3, 315, 11, 6, 1, 1, '', '3', '1 hab triple', '2021-11-17 15:06:58', '2022-04-23', '2022-04-26', 3, '2021-11-17 15:06:58', 1),
(369, '0002', 0, 0, 0, 2, 0, 2, 316, 3, 1, 1, 1, '', '2', '1 hab doble', '2021-11-17 15:27:42', '2022-02-22', '2022-02-24', 3, '2021-11-17 15:27:42', 1),
(370, '0002', 0, 2, 0, 0, 27, 2, 317, 3, 1, 1, 1, '', '4', '6 hab cuadruples\n1 hab triple + 2 niños ', '2021-11-17 15:39:58', '2022-02-24', '2022-02-28', 3, '2021-11-17 15:39:58', 1),
(371, '0002', 0, 0, 0, 2, 8, 3, 318, 12, 6, 1, 1, '', '4', '1 hab doble\n2 hab cuádruples', '2021-11-17 16:06:40', '2022-06-16', '2022-06-20', 3, '2021-11-17 16:06:40', 1),
(372, '0002', 0, 0, 0, 2, 0, 4, 319, 18, 8, 1, 1, '', '5', '1 hab doble', '2021-11-17 16:16:17', '2022-02-03', '2022-02-08', 3, '2021-11-17 16:16:17', 1),
(373, '0002', 0, 0, 0, 2, 0, 3, 320, 13, 6, 1, 1, '', '2', '1 hab doble', '2021-11-18 09:42:59', '2022-01-10', '2022-01-12', 3, '2021-11-18 09:42:59', 1),
(374, '0002', 0, 0, 0, 10, 0, 3, 321, 12, 6, 1, 1, '', '3', '5 hab dobles', '2021-11-18 10:12:00', '2022-02-20', '2022-02-23', 3, '2021-11-18 10:12:00', 1),
(375, '0002', 0, 0, 0, 2, 0, 4, 322, 18, 8, 1, 1, '', '3', '1 hab doble ', '2021-11-18 10:17:40', '2022-05-27', '2022-05-30', 3, '2021-11-18 10:17:40', 1),
(376, '0002', 0, 0, 0, 2, 0, 4, 322, 30, 11, 1, 1, '', '3', '1 hab doble suite ', '2021-11-18 10:26:14', '2022-05-27', '2022-05-30', 3, '2021-11-18 10:26:14', 1),
(377, '0002', 0, 2, 0, 8, 0, 4, 323, 18, 8, 1, 1, '', '3', '4 hab doble + 2 niños', '2021-11-18 12:14:51', '2022-02-09', '2022-02-12', 3, '2021-11-18 12:14:51', 1),
(378, '0002', 0, 0, 0, 2, 0, 3, 324, 12, 6, 1, 1, '', '4', '1 hab doble', '2021-11-18 15:06:44', '2022-05-03', '2022-05-07', 3, '2021-11-18 15:06:44', 1),
(379, '0002', 0, 2, 0, 2, 0, 2, 325, 3, 1, 1, 1, '', '4', '1 hab doble + 2 niños ', '2021-11-18 15:21:33', '2022-02-24', '2022-02-28', 3, '2021-11-18 15:21:33', 1),
(380, '0002', 0, 2, 0, 2, 0, 2, 325, 6, 3, 1, 1, '', '4', '1 hab doble + 2 niños', '2021-11-18 15:43:57', '2022-02-24', '2022-02-28', 3, '2021-11-18 15:43:57', 1),
(381, '0002', 0, 0, 0, 0, 4, 2, 325, 6, 3, 1, 1, '', '4', '1 hab cuadruple', '2021-11-18 15:46:37', '2022-02-24', '2022-02-28', 3, '2021-11-18 15:46:37', 1),
(382, '0002', 0, 0, 0, 4, 0, 2, 325, 6, 3, 1, 1, '', '4', '2 hab dobles', '2021-11-18 15:57:50', '2022-02-24', '2022-02-28', 3, '2021-11-18 15:57:50', 1),
(383, '0002', 0, 0, 0, 2, 20, 2, 325, 56, 1, 1, 1, '', '5', '1 hab doble \n4 hab cuadruples\n2 hab triples', '2021-11-18 17:15:06', '2021-12-15', '2021-12-20', 3, '2021-11-18 17:15:06', 1),
(384, '0002', 0, 2, 0, 0, 3, 2, 326, 2, 1, 1, 1, '', '4', '1 hab múltiple ', '2021-11-19 09:16:25', '2022-04-08', '2022-04-12', 3, '2021-11-19 09:16:25', 1),
(385, '0002', 0, 1, 0, 0, 6, 3, 327, 12, 6, 1, 1, '', '3', '2 han triples + 1 niño ', '2021-11-19 09:43:28', '2022-09-05', '2022-09-08', 3, '2021-11-19 09:43:28', 1),
(386, '0002', 0, 1, 0, 2, 3, 3, 328, 13, 6, 1, 1, '', '3', '1 hab doble + 1niño\n1 hab triple ', '2021-11-19 10:10:29', '2022-07-22', '2022-07-25', 3, '2021-11-19 10:10:29', 1),
(387, '0002', 0, 1, 0, 0, 3, 3, 328, 12, 6, 1, 1, '', '3', '1 hab triple + 1 niño ', '2021-11-19 10:20:38', '2022-07-22', '2022-07-25', 3, '2021-11-19 10:20:38', 1),
(388, '0002', 0, 1, 0, 0, 3, 2, 329, 3, 1, 1, 1, '', '4', '1 hab triple + 1niño', '2021-11-19 14:47:31', '2022-05-04', '2022-05-08', 3, '2021-11-19 14:47:31', 1),
(389, '0002', 0, 1, 0, 0, 7, 2, 329, 3, 1, 1, 1, '', '4', '1 hab cuádruple\n1 hab triple + 1 niño ', '2021-11-19 14:55:29', '2022-05-04', '2022-05-08', 3, '2021-11-19 14:55:29', 1),
(390, '0002', 0, 0, 0, 2, 0, 3, 330, 12, 6, 1, 1, '', '5', '1 hab doble', '2021-11-20 12:34:05', '2022-05-19', '2022-05-24', 3, '2021-11-20 12:34:05', 1),
(391, '0002', 1, 1, 0, 2, 0, 3, 82, 12, 6, 1, 1, '', '5', '1 hab doble + 1 niño + 1 infante', '2021-11-22 09:04:38', '2022-01-16', '2022-01-21', 3, '2021-11-22 09:04:38', 1),
(392, '0002', 0, 0, 0, 2, 0, 4, 331, 18, 8, 1, 1, '', '3', '1 hab doble ', '2021-11-22 10:07:12', '2022-08-02', '2022-08-05', 3, '2021-11-22 10:07:12', 1),
(393, '0002', 0, 3, 1, 4, 4, 3, 325, 12, 6, 1, 1, '', '4', '1 han sencilla + 1 niño\n1 hab doble + 2 niños\n1 hab doble\n1 hab cuádruple ', '2021-11-22 12:38:05', '2022-02-24', '2022-02-28', 3, '2021-11-22 12:38:05', 1),
(394, '0002', 0, 0, 0, 2, 0, 3, 325, 12, 6, 1, 1, '', '3', '1 hab doble', '2021-11-22 12:39:29', '2022-02-24', '2022-02-27', 3, '2021-11-22 12:39:29', 1),
(395, '0002', 0, 0, 0, 20, 0, 4, 332, 18, 8, 1, 1, '', '3', '10 habitaciones dobles', '2021-11-22 14:42:01', '2022-02-22', '2022-02-25', 3, '2021-11-22 14:42:01', 1),
(396, '0002', 0, 0, 2, 0, 0, 6, 332, 57, 21, 1, 1, '', 'N/A', '2 buceos', '2021-11-22 15:19:35', '2022-03-10', '2022-03-10', 3, '2021-11-22 15:19:35', 1),
(397, '0002', 0, 0, 0, 2, 0, 6, 332, 58, 22, 1, 1, '', 'N/A', 'mulita 2 pax', '2021-11-22 15:28:55', '2021-11-22', '2021-11-22', 3, '2021-11-22 15:28:55', 1),
(398, '0002', 0, 0, 0, 0, 4, 6, 332, 59, 23, 1, 1, '', 'N/A', 'Mulita automática, para 2 personas Max 2 adultos y 1 niño\n\nDuración del alquiler: \nde 9am a 6pm \n\nTERMINOS Y CONDICIONES \n1- Se debe tener licencia de conducir a la mano físico.\n2- La gasolina corre por cuenta del visitante, se gastan 20 mil pesos en todo', '2021-11-22 15:36:42', '2021-11-24', '2021-11-24', 3, '2021-11-22 15:36:42', 1),
(399, '0002', 0, 0, 0, 0, 4, 6, 332, 59, 23, 1, 1, '', 'N/A', 'TERMINOS Y CONDICIONES \n1- Se debe tener licencia de conducir a la mano físico.\n2- La gasolina corre por cuenta del visitante, se gastan 20 mil pesos en todo el día de uso del carrito. \n3- Se debe realizar un deposito de 50 mil pesos como seguro que la mu', '2021-11-22 15:39:33', '2021-11-24', '2021-11-24', 3, '2021-11-22 15:39:33', 1),
(400, '0002', 1, 1, 1, 2, 0, 2, 333, 3, 1, 1, 1, '', '3', '1 hab sencilla\n1 hab doble + 1 niño + 1 infante ', '2021-11-22 16:07:51', '2022-02-21', '2022-02-24', 3, '2021-11-22 16:07:51', 1),
(401, '0002', 0, 0, 0, 6, 0, 3, 334, 12, 6, 1, 1, '', '3', '3 hab dobles', '2021-11-22 16:55:31', '2022-02-02', '2022-02-05', 3, '2021-11-22 16:55:31', 1),
(402, '0002', 0, 0, 0, 6, 0, 3, 334, 12, 6, 1, 1, '', '3', '3 hab dobles', '2021-11-22 17:21:00', '2022-02-08', '2022-02-11', 3, '2021-11-22 17:21:00', 1),
(403, '0002', 1, 0, 0, 6, 0, 3, 335, 10, 6, 1, 1, '', '7', '3 hab dobles + 1 infante', '2021-11-22 17:25:31', '2022-02-14', '2022-02-21', 3, '2021-11-22 17:25:31', 1),
(404, '0002', 0, 0, 0, 6, 0, 3, 335, 12, 6, 1, 1, '', '7', '3 hab dobles', '2021-11-22 22:07:19', '2022-02-14', '2022-02-21', 3, '2021-11-22 22:07:19', 1),
(405, '0002', 0, 2, 0, 2, 3, 3, 336, 11, 6, 1, 1, '', '1', '1 hab doble + 2 niños\n1 hab triple', '2021-11-23 10:54:29', '2021-12-08', '2021-12-09', 3, '2021-11-23 10:54:29', 1),
(406, '0002', 0, 0, 0, 2, 0, 5, 336, 68, 24, 1, 1, '', '6', '1 hab doble', '2021-11-23 11:11:44', '2022-02-17', '2022-02-23', 3, '2021-11-23 11:11:44', 1),
(407, '0002', 0, 0, 0, 2, 0, 4, 336, 80, 26, 1, 1, '', '2', 's', '2021-11-23 12:13:55', '2021-11-25', '2021-11-27', 3, '2021-11-23 12:13:55', 1),
(408, '0002', 0, 0, 1, 14, 0, 4, 332, 76, 26, 5, 1, '', '2', '7 hab dobles estándar \n1 hab sencilla estándar ', '2021-11-23 12:19:27', '2022-02-25', '2022-02-27', 3, '2021-11-23 12:19:27', 1),
(409, '0002', 0, 0, 0, 2, 0, 5, 294, 61, 24, 1, 1, '', '4', '1 hab doble estándar ', '2021-11-23 12:30:46', '2022-02-14', '2022-02-18', 3, '2021-11-23 12:30:46', 1),
(410, '0002', 0, 0, 1, 14, 0, 5, 337, 61, 24, 5, 1, '', '2', '7 hab dobles\n1 hab sencilla', '2021-11-23 12:46:25', '2022-02-25', '2022-02-27', 3, '2021-11-23 12:46:25', 1),
(411, '0002', 0, 0, 0, 0, 15, 3, 338, 47, 13, 1, 1, '', '2', '3 hab cuadruples\n1 hab triple ', '2021-11-23 13:19:46', '2022-02-01', '2022-02-03', 3, '2021-11-23 13:19:46', 1),
(412, '0002', 0, 0, 0, 2, 0, 2, 339, 3, 1, 1, 1, '', '3', '1 hab doble', '2021-11-23 13:28:17', '2022-02-25', '2022-02-28', 3, '2021-11-23 13:28:17', 1),
(413, '0002', 0, 0, 0, 2, 0, 2, 340, 3, 1, 1, 1, '', '2', '1 hab doble', '2021-11-23 13:35:28', '2022-02-20', '2022-02-22', 3, '2021-11-23 13:35:28', 1),
(414, '0002', 0, 0, 0, 2, 0, 2, 339, 3, 1, 1, 1, '', '4', '1 hab doble ', '2021-11-23 13:40:05', '2022-02-20', '2022-02-24', 3, '2021-11-23 13:40:05', 1),
(415, '0002', 0, 0, 0, 2, 0, 4, 341, 76, 26, 1, 1, '', '3', '1 hab doble', '2021-11-23 16:59:43', '2021-11-23', '2021-11-26', 3, '2021-11-23 16:59:43', 1),
(416, '0002', 0, 0, 0, 0, 3, 2, 342, 3, 1, 1, 1, '', '3', '1 hab triple ', '2021-11-24 09:18:41', '2022-02-20', '2022-02-23', 3, '2021-11-24 09:18:41', 1),
(417, '0002', 0, 0, 0, 2, 0, 3, 343, 11, 6, 1, 1, '', '3', '1 hab doble estándar ', '2021-11-24 09:29:51', '2021-12-16', '2021-12-19', 3, '2021-11-24 09:29:51', 1),
(418, '0002', 0, 0, 0, 2, 0, 3, 344, 12, 6, 1, 1, '', '4', '1 hab doble ', '2021-11-24 10:02:16', '2022-01-23', '2022-01-27', 3, '2021-11-24 10:02:16', 1),
(419, '0002', 0, 0, 1, 0, 0, 3, 345, 11, 6, 2, 1, '', '4', '1 hab sencilla', '2021-11-24 15:09:57', '2021-12-15', '2021-12-19', 3, '2021-11-24 15:09:57', 1),
(420, '0002', 0, 2, 0, 0, 22, 2, 346, 3, 1, 1, 1, '', '3', '4 hab cuadruples\n2 hab triples + 2 niños ', '2021-11-24 15:22:18', '2022-03-11', '2022-03-14', 3, '2021-11-24 15:22:18', 1),
(421, '0002', 0, 0, 0, 2, 0, 2, 346, 115, 37, 2, 1, '', '4', '1 hab doble', '2021-11-24 17:29:59', '2022-02-10', '2022-02-14', 3, '2021-11-24 17:29:59', 1),
(422, '0002', 0, 0, 0, 0, 4, 6, 345, 122, 23, 1, 1, '', 'N/A', '1 mulita x4', '2021-11-24 18:03:53', '2021-11-24', '2021-11-24', 3, '2021-11-24 18:03:53', 1),
(423, '0002', 0, 0, 0, 2, 0, 3, 347, 92, 13, 1, 1, '', '4', '1 hab doble ', '2021-11-24 19:05:57', '2022-03-13', '2022-03-17', 3, '2021-11-24 19:05:57', 1),
(424, '0002', 0, 0, 0, 2, 0, 3, 347, 93, 31, 1, 1, '', '4', '1 hab doble junior suite ', '2021-11-24 19:21:56', '2022-03-13', '2022-03-17', 3, '2021-11-24 19:21:56', 1),
(425, '0002', 0, 0, 0, 0, 20, 2, 348, 112, 34, 1, 1, '', '3', '5 hab cuádruples\n', '2021-11-24 19:49:35', '2022-05-07', '2022-05-10', 3, '2021-11-24 19:49:35', 1),
(426, '0002', 0, 0, 0, 4, 0, 3, 256, 92, 13, 1, 1, '', '4', '2 hab dobles ', '2021-11-25 10:40:51', '2022-02-21', '2022-02-25', 3, '2021-11-25 10:40:51', 1),
(427, '0002', 0, 0, 0, 2, 0, 7, 348, 123, 38, 1, 1, '', '2', '1 hab doble', '2021-11-25 11:01:08', '2022-03-10', '2022-03-12', 3, '2021-11-25 11:01:08', 1),
(428, '0002', 0, 0, 0, 2, 0, 5, 349, 63, 24, 1, 1, '', '3', '1 hab doble ', '2021-11-25 12:22:24', '2022-01-21', '2022-01-24', 3, '2021-11-25 12:22:24', 1),
(429, '0002', 0, 0, 0, 2, 0, 4, 350, 76, 26, 1, 1, '', '3', '1 hab doble', '2021-11-25 14:37:42', '2022-03-25', '2022-03-28', 3, '2021-11-25 14:37:42', 1),
(430, '0002', 0, 0, 0, 2, 0, 2, 350, 112, 34, 1, 1, '', '3', '1 hab doble', '2021-11-25 14:41:30', '2022-03-25', '2022-03-28', 3, '2021-11-25 14:41:30', 1),
(431, '0002', 0, 0, 0, 4, 0, 5, 351, 62, 24, 1, 1, '', '4', '2 han dobles', '2021-11-25 14:52:38', '2021-12-22', '2021-12-26', 3, '2021-11-25 14:52:38', 1),
(432, '0002', 0, 2, 0, 2, 12, 2, 352, 112, 34, 1, 1, '', '5', '3 hab cuádruples\n1 hab doble + 2 niños', '2021-11-25 15:24:55', '2022-02-20', '2022-02-25', 3, '2021-11-25 15:24:55', 1),
(433, '0002', 0, 2, 0, 0, 14, 2, 352, 112, 34, 1, 1, '', '5', '3 hab cuádruples \n1 hab doble + 2 niños', '2021-11-25 15:30:52', '2022-02-20', '2022-02-25', 3, '2021-11-25 15:30:52', 1),
(434, '0002', 0, 1, 0, 0, 6, 3, 353, 92, 13, 1, 1, '', '3', '2 hab triples + 1 niño', '2021-11-26 10:00:19', '2022-02-17', '2022-02-20', 3, '2021-11-26 10:00:19', 1),
(435, '0002', 0, 0, 0, 2, 3, 2, 354, 127, 34, 1, 1, '', '6', '1 hab doble\n1 hab triple ', '2021-11-26 11:19:38', '2022-05-19', '2022-05-25', 3, '2021-11-26 11:19:38', 1),
(436, '0002', 0, 0, 0, 2, 0, 5, 349, 63, 24, 1, 1, '', '4', '1 hab doble estándar ', '2021-11-26 15:02:32', '2022-01-20', '2022-01-24', 3, '2021-11-26 15:02:32', 1),
(437, '0002', 0, 2, 0, 4, 0, 2, 355, 112, 34, 1, 1, '', '4', '2 hab dobles + 2 niños ', '2021-11-26 15:47:58', '2022-08-01', '2022-08-05', 3, '2021-11-26 15:47:58', 1),
(438, '0002', 0, 0, 0, 2, 0, 3, 356, 97, 29, 1, 1, '', '2', '1 hab doble ', '2021-11-26 15:59:23', '2021-12-17', '2021-12-19', 3, '2021-11-26 15:59:23', 1),
(439, '0002', 0, 0, 0, 2, 0, 2, 356, 127, 34, 1, 1, '', '3', '1 hab doble', '2021-11-26 18:36:39', '2022-02-04', '2022-02-07', 3, '2021-11-26 18:36:39', 1),
(440, '0002', 0, 0, 0, 2, 0, 5, 357, 63, 24, 1, 1, '', '3', '1 hab doble', '2021-11-27 10:52:21', '2022-01-29', '2022-02-01', 3, '2021-11-27 10:52:21', 1),
(441, '0002', 0, 0, 0, 2, 0, 4, 357, 76, 26, 1, 1, '', '3', '1 hab doble', '2021-11-27 10:54:06', '2022-01-29', '2022-02-01', 3, '2021-11-27 10:54:06', 1),
(442, '0002', 0, 0, 1, 0, 0, 3, 358, 96, 13, 1, 1, '', '2', '1 hab sencilla ', '2021-11-27 10:59:23', '2021-12-16', '2021-12-18', 3, '2021-11-27 10:59:23', 1);

-- --------------------------------------------------------

--
-- Estructura de tabla para la tabla `estado`
--

CREATE TABLE `estado` (
  `id` int(11) NOT NULL,
  `ubicacionpaisid` int(11) DEFAULT NULL,
  `estadonombre` varchar(255) COLLATE utf8_unicode_ci NOT NULL
) ENGINE=InnoDB DEFAULT CHARSET=utf8 COLLATE=utf8_unicode_ci;

--
-- Volcado de datos para la tabla `estado`
--

INSERT INTO `estado` (`id`, `ubicacionpaisid`, `estadonombre`) VALUES
(1, 3, 'Azerbaijan'),
(2, 3, 'Nargorni Karabakh'),
(3, 3, 'Nakhichevanskaya Region'),
(4, 4, 'Anguilla'),
(5, 7, 'Brestskaya obl.'),
(6, 7, 'Vitebskaya obl.'),
(7, 7, 'Gomelskaya obl.'),
(8, 7, 'Grodnenskaya obl.'),
(9, 7, 'Minskaya obl.'),
(10, 7, 'Mogilevskaya obl.'),
(11, 8, 'Belize'),
(12, 10, 'Hamilton'),
(13, 15, 'Dong Bang Song Cuu Long'),
(14, 15, 'Dong Bang Song Hong'),
(15, 15, 'Dong Nam Bo'),
(16, 15, 'Duyen Hai Mien Trung'),
(17, 15, 'Khu Bon Cu'),
(18, 15, 'Mien Nui Va Trung Du'),
(19, 15, 'Thai Nguyen'),
(20, 16, 'Artibonite'),
(21, 16, 'Grand&#039;Anse'),
(22, 16, 'North West'),
(23, 16, 'West'),
(24, 16, 'South'),
(25, 16, 'South East'),
(26, 17, 'Grande-Terre'),
(27, 17, 'Basse-Terre'),
(28, 21, 'Abkhazia'),
(29, 21, 'Ajaria'),
(30, 21, 'Georgia'),
(31, 21, 'South Ossetia'),
(32, 23, 'Al QÄhira'),
(33, 23, 'Aswan'),
(34, 23, 'Asyut'),
(35, 23, 'Beni Suef'),
(36, 23, 'Gharbia'),
(37, 23, 'Damietta'),
(38, 24, 'Southern District'),
(39, 24, 'Central District'),
(40, 24, 'Northern District'),
(41, 24, 'Haifa'),
(42, 24, 'Tel Aviv'),
(43, 24, 'Jerusalem'),
(44, 25, 'Bangala'),
(45, 25, 'Chhattisgarh'),
(46, 25, 'Karnataka'),
(47, 25, 'Uttaranchal'),
(48, 25, 'Andhara Pradesh'),
(49, 25, 'Assam'),
(50, 25, 'Bihar'),
(51, 25, 'Gujarat'),
(52, 25, 'Jammu and Kashmir'),
(53, 25, 'Kerala'),
(54, 25, 'Madhya Pradesh'),
(55, 25, 'Manipur'),
(56, 25, 'Maharashtra'),
(57, 25, 'Megahalaya'),
(58, 25, 'Orissa'),
(59, 25, 'Punjab'),
(60, 25, 'Pondisheri'),
(61, 25, 'Rajasthan'),
(62, 25, 'Tamil Nadu'),
(63, 25, 'Tripura'),
(64, 25, 'Uttar Pradesh'),
(65, 25, 'Haryana'),
(66, 25, 'Chandigarh'),
(67, 26, 'Azarbayjan-e Khavari'),
(68, 26, 'Esfahan'),
(69, 26, 'Hamadan'),
(70, 26, 'Kordestan'),
(71, 26, 'Markazi'),
(72, 26, 'Sistan-e Baluches'),
(73, 26, 'Yazd'),
(74, 26, 'Kerman'),
(75, 26, 'Kermanshakhan'),
(76, 26, 'Mazenderan'),
(77, 26, 'Tehran'),
(78, 26, 'Fars'),
(79, 26, 'Horasan'),
(80, 26, 'Husistan'),
(81, 30, 'Aktyubinskaya obl.'),
(82, 30, 'Alma-Atinskaya obl.'),
(83, 30, 'Vostochno-Kazahstanskaya obl.'),
(84, 30, 'Gurevskaya obl.'),
(85, 30, 'Zhambylskaya obl. (Dzhambulskaya obl.)'),
(86, 30, 'Dzhezkazganskaya obl.'),
(87, 30, 'Karagandinskaya obl.'),
(88, 30, 'Kzyl-Ordinskaya obl.'),
(89, 30, 'Kokchetavskaya obl.'),
(90, 30, 'Kustanaiskaya obl.'),
(91, 30, 'Mangystauskaya (Mangyshlakskaya obl.)'),
(92, 30, 'Pavlodarskaya obl.'),
(93, 30, 'Severo-Kazahstanskaya obl.'),
(94, 30, 'Taldy-Kurganskaya obl.'),
(95, 30, 'Turgaiskaya obl.'),
(96, 30, 'Akmolinskaya obl. (Tselinogradskaya obl.)'),
(97, 30, 'Chimkentskaya obl.'),
(98, 31, 'Littoral'),
(99, 31, 'Southwest Region'),
(100, 31, 'North'),
(101, 31, 'Central'),
(102, 33, 'Government controlled area'),
(103, 33, 'Turkish controlled area'),
(104, 34, 'Issik Kulskaya Region'),
(105, 34, 'Kyrgyzstan'),
(106, 34, 'Narinskaya Region'),
(107, 34, 'Oshskaya Region'),
(108, 34, 'Tallaskaya Region'),
(109, 37, 'al-Jahra'),
(110, 37, 'al-Kuwait'),
(111, 38, 'Latviya'),
(112, 39, 'Tarabulus'),
(113, 39, 'Bengasi'),
(114, 40, 'Litva'),
(115, 43, 'Moldova'),
(116, 45, 'Auckland'),
(117, 45, 'Bay of Plenty'),
(118, 45, 'Canterbury'),
(119, 45, 'Gisborne'),
(120, 45, 'Hawke&#039;s Bay'),
(121, 45, 'Manawatu-Wanganui'),
(122, 45, 'Marlborough'),
(123, 45, 'Nelson'),
(124, 45, 'Northland'),
(125, 45, 'Otago'),
(126, 45, 'Southland'),
(127, 45, 'Taranaki'),
(128, 45, 'Tasman'),
(129, 45, 'Waikato'),
(130, 45, 'Wellington'),
(131, 45, 'West Coast'),
(132, 49, 'Saint-Denis'),
(133, 50, 'Altaiskii krai'),
(134, 50, 'Amurskaya obl.'),
(135, 50, 'Arhangelskaya obl.'),
(136, 50, 'Astrahanskaya obl.'),
(137, 50, 'Bashkiriya obl.'),
(138, 50, 'Belgorodskaya obl.'),
(139, 50, 'Bryanskaya obl.'),
(140, 50, 'Buryatiya'),
(141, 50, 'Vladimirskaya obl.'),
(142, 50, 'Volgogradskaya obl.'),
(143, 50, 'Vologodskaya obl.'),
(144, 50, 'Voronezhskaya obl.'),
(145, 50, 'Nizhegorodskaya obl.'),
(146, 50, 'Dagestan'),
(147, 50, 'Evreiskaya obl.'),
(148, 50, 'Ivanovskaya obl.'),
(149, 50, 'Irkutskaya obl.'),
(150, 50, 'Kabardino-Balkariya'),
(151, 50, 'Kaliningradskaya obl.'),
(152, 50, 'Tverskaya obl.'),
(153, 50, 'Kalmykiya'),
(154, 50, 'Kaluzhskaya obl.'),
(155, 50, 'Kamchatskaya obl.'),
(156, 50, 'Kareliya'),
(157, 50, 'Kemerovskaya obl.'),
(158, 50, 'Kirovskaya obl.'),
(159, 50, 'Komi'),
(160, 50, 'Kostromskaya obl.'),
(161, 50, 'Krasnodarskii krai'),
(162, 50, 'Krasnoyarskii krai'),
(163, 50, 'Kurganskaya obl.'),
(164, 50, 'Kurskaya obl.'),
(165, 50, 'Lipetskaya obl.'),
(166, 50, 'Magadanskaya obl.'),
(167, 50, 'Marii El'),
(168, 50, 'Mordoviya'),
(169, 50, 'Moscow &amp; Moscow Region'),
(170, 50, 'Murmanskaya obl.'),
(171, 50, 'Novgorodskaya obl.'),
(172, 50, 'Novosibirskaya obl.'),
(173, 50, 'Omskaya obl.'),
(174, 50, 'Orenburgskaya obl.'),
(175, 50, 'Orlovskaya obl.'),
(176, 50, 'Penzenskaya obl.'),
(177, 50, 'Permskiy krai'),
(178, 50, 'Primorskii krai'),
(179, 50, 'Pskovskaya obl.'),
(180, 50, 'Rostovskaya obl.'),
(181, 50, 'Ryazanskaya obl.'),
(182, 50, 'Samarskaya obl.'),
(183, 50, 'Saint-Petersburg and Region'),
(184, 50, 'Saratovskaya obl.'),
(185, 50, 'Saha (Yakutiya)'),
(186, 50, 'Sahalin'),
(187, 50, 'Sverdlovskaya obl.'),
(188, 50, 'Severnaya Osetiya'),
(189, 50, 'Smolenskaya obl.'),
(190, 50, 'Stavropolskii krai'),
(191, 50, 'Tambovskaya obl.'),
(192, 50, 'Tatarstan'),
(193, 50, 'Tomskaya obl.'),
(195, 50, 'Tulskaya obl.'),
(196, 50, 'Tyumenskaya obl. i Hanty-Mansiiskii AO'),
(197, 50, 'Udmurtiya'),
(198, 50, 'Ulyanovskaya obl.'),
(199, 50, 'Uralskaya obl.'),
(200, 50, 'Habarovskii krai'),
(201, 50, 'Chelyabinskaya obl.'),
(202, 50, 'Checheno-Ingushetiya'),
(203, 50, 'Chitinskaya obl.'),
(204, 50, 'Chuvashiya'),
(205, 50, 'Yaroslavskaya obl.'),
(206, 51, 'Ahuachapán'),
(207, 51, 'Cuscatlán'),
(208, 51, 'La Libertad'),
(209, 51, 'La Paz'),
(210, 51, 'La Unión'),
(211, 51, 'San Miguel'),
(212, 51, 'San Salvador'),
(213, 51, 'Santa Ana'),
(214, 51, 'Sonsonate'),
(215, 54, 'Paramaribo'),
(216, 56, 'Gorno-Badakhshan Region'),
(217, 56, 'Kuljabsk Region'),
(218, 56, 'Kurgan-Tjube Region'),
(219, 56, 'Sughd Region'),
(220, 56, 'Tajikistan'),
(221, 57, 'Ashgabat Region'),
(222, 57, 'Krasnovodsk Region'),
(223, 57, 'Mary Region'),
(224, 57, 'Tashauz Region'),
(225, 57, 'Chardzhou Region'),
(226, 58, 'Grand Turk'),
(227, 59, 'Bartin'),
(228, 59, 'Bayburt'),
(229, 59, 'Karabuk'),
(230, 59, 'Adana'),
(231, 59, 'Aydin'),
(232, 59, 'Amasya'),
(233, 59, 'Ankara'),
(234, 59, 'Antalya'),
(235, 59, 'Artvin'),
(236, 59, 'Afion'),
(237, 59, 'Balikesir'),
(238, 59, 'Bilecik'),
(239, 59, 'Bursa'),
(240, 59, 'Gaziantep'),
(241, 59, 'Denizli'),
(242, 59, 'Izmir'),
(243, 59, 'Isparta'),
(244, 59, 'Icel'),
(245, 59, 'Kayseri'),
(246, 59, 'Kars'),
(247, 59, 'Kodjaeli'),
(248, 59, 'Konya'),
(249, 59, 'Kirklareli'),
(250, 59, 'Kutahya'),
(251, 59, 'Malatya'),
(252, 59, 'Manisa'),
(253, 59, 'Sakarya'),
(254, 59, 'Samsun'),
(255, 59, 'Sivas'),
(256, 59, 'Istanbul'),
(257, 59, 'Trabzon'),
(258, 59, 'Corum'),
(259, 59, 'Edirne'),
(260, 59, 'Elazig'),
(261, 59, 'Erzincan'),
(262, 59, 'Erzurum'),
(263, 59, 'Eskisehir'),
(264, 60, 'Jinja'),
(265, 60, 'Kampala'),
(266, 61, 'Andijon Region'),
(267, 61, 'Buxoro Region'),
(268, 61, 'Jizzac Region'),
(269, 61, 'Qaraqalpaqstan'),
(270, 61, 'Qashqadaryo Region'),
(271, 61, 'Navoiy Region'),
(272, 61, 'Namangan Region'),
(273, 61, 'Samarqand Region'),
(274, 61, 'Surxondaryo Region'),
(275, 61, 'Sirdaryo Region'),
(276, 61, 'Tashkent Region'),
(277, 61, 'Fergana Region'),
(278, 61, 'Xorazm Region'),
(279, 62, 'Vinnitskaya obl.'),
(280, 62, 'Volynskaya obl.'),
(281, 62, 'Dnepropetrovskaya obl.'),
(282, 62, 'Donetskaya obl.'),
(283, 62, 'Zhitomirskaya obl.'),
(284, 62, 'Zakarpatskaya obl.'),
(285, 62, 'Zaporozhskaya obl.'),
(286, 62, 'Ivano-Frankovskaya obl.'),
(287, 62, 'Kievskaya obl.'),
(288, 62, 'Kirovogradskaya obl.'),
(289, 62, 'Krymskaya obl.'),
(290, 62, 'Luganskaya obl.'),
(291, 62, 'Lvovskaya obl.'),
(292, 62, 'Nikolaevskaya obl.'),
(293, 62, 'Odesskaya obl.'),
(294, 62, 'Poltavskaya obl.'),
(295, 62, 'Rovenskaya obl.'),
(296, 62, 'Sumskaya obl.'),
(297, 62, 'Ternopolskaya obl.'),
(298, 62, 'Harkovskaya obl.'),
(299, 62, 'Hersonskaya obl.'),
(300, 62, 'Hmelnitskaya obl.'),
(301, 62, 'Cherkasskaya obl.'),
(302, 62, 'Chernigovskaya obl.'),
(303, 62, 'Chernovitskaya obl.'),
(304, 68, 'Estoniya'),
(305, 69, 'Cheju'),
(306, 69, 'Chollabuk'),
(307, 69, 'Chollanam'),
(308, 69, 'Chungcheongbuk'),
(309, 69, 'Chungcheongnam'),
(310, 69, 'Incheon'),
(311, 69, 'Kangweon'),
(312, 69, 'Kwangju'),
(313, 69, 'Kyeonggi'),
(314, 69, 'Kyeongsangbuk'),
(315, 69, 'Kyeongsangnam'),
(316, 69, 'Pusan'),
(317, 69, 'Seoul'),
(318, 69, 'Taegu'),
(319, 69, 'Taejeon'),
(320, 69, 'Ulsan'),
(321, 70, 'Aichi'),
(322, 70, 'Akita'),
(323, 70, 'Aomori'),
(324, 70, 'Wakayama'),
(325, 70, 'Gifu'),
(326, 70, 'Gunma'),
(327, 70, 'Ibaraki'),
(328, 70, 'Iwate'),
(329, 70, 'Ishikawa'),
(330, 70, 'Kagawa'),
(331, 70, 'Kagoshima'),
(332, 70, 'Kanagawa'),
(333, 70, 'Kyoto'),
(334, 70, 'Kochi'),
(335, 70, 'Kumamoto'),
(336, 70, 'Mie'),
(337, 70, 'Miyagi'),
(338, 70, 'Miyazaki'),
(339, 70, 'Nagano'),
(340, 70, 'Nagasaki'),
(341, 70, 'Nara'),
(342, 70, 'Niigata'),
(343, 70, 'Okayama'),
(344, 70, 'Okinawa'),
(345, 70, 'Osaka'),
(346, 70, 'Saga'),
(347, 70, 'Saitama'),
(348, 70, 'Shiga'),
(349, 70, 'Shizuoka'),
(350, 70, 'Shimane'),
(351, 70, 'Tiba'),
(352, 70, 'Tokyo'),
(353, 70, 'Tokushima'),
(354, 70, 'Tochigi'),
(355, 70, 'Tottori'),
(356, 70, 'Toyama'),
(357, 70, 'Fukui'),
(358, 70, 'Fukuoka'),
(359, 70, 'Fukushima'),
(360, 70, 'Hiroshima'),
(361, 70, 'Hokkaido'),
(362, 70, 'Hyogo'),
(363, 70, 'Yoshimi'),
(364, 70, 'Yamagata'),
(365, 70, 'Yamaguchi'),
(366, 70, 'Yamanashi'),
(368, 73, 'Hong Kong'),
(369, 74, 'Indonesia'),
(370, 75, 'Jordan'),
(371, 76, 'Malaysia'),
(372, 77, 'Singapore'),
(373, 78, 'Taiwan'),
(374, 30, 'Kazahstan'),
(375, 62, 'Ukraina'),
(376, 25, 'India'),
(377, 23, 'Egypt'),
(378, 106, 'Damascus'),
(379, 131, 'Isle of Man'),
(380, 30, 'Zapadno-Kazahstanskaya obl.'),
(381, 50, 'Adygeya'),
(382, 50, 'Hakasiya'),
(383, 93, 'Dubai'),
(384, 50, 'Chukotskii AO'),
(385, 99, 'Beirut'),
(386, 137, 'Tegucigalpa'),
(387, 138, 'Santo Domingo'),
(388, 139, 'Ulan Bator'),
(389, 23, 'Sinai'),
(390, 140, 'Baghdad'),
(391, 140, 'Basra'),
(392, 140, 'Mosul'),
(393, 141, 'Johannesburg'),
(394, 104, 'Morocco'),
(395, 104, 'Tangier'),
(396, 50, 'Yamalo-Nenetskii AO'),
(397, 122, 'Tunisia'),
(398, 92, 'Thailand'),
(399, 117, 'Mozambique'),
(400, 84, 'Korea'),
(401, 87, 'Pakistan'),
(402, 142, 'Aruba'),
(403, 80, 'Bahamas'),
(404, 69, 'South Korea'),
(405, 132, 'Jamaica'),
(406, 93, 'Sharjah'),
(407, 93, 'Abu Dhabi'),
(409, 24, 'Ramat Hagolan'),
(410, 115, 'Nigeria'),
(411, 64, 'Ain'),
(412, 64, 'Haute-Savoie'),
(413, 64, 'Aisne'),
(414, 64, 'Allier'),
(415, 64, 'Alpes-de-Haute-Provence'),
(416, 64, 'Hautes-Alpes'),
(417, 64, 'Alpes-Maritimes'),
(418, 64, 'Ard&egrave;che'),
(419, 64, 'Ardennes'),
(420, 64, 'Ari&egrave;ge'),
(421, 64, 'Aube'),
(422, 64, 'Aude'),
(423, 64, 'Aveyron'),
(424, 64, 'Bouches-du-Rh&ocirc;ne'),
(425, 64, 'Calvados'),
(426, 64, 'Cantal'),
(427, 64, 'Charente'),
(428, 64, 'Charente Maritime'),
(429, 64, 'Cher'),
(430, 64, 'Corr&egrave;ze'),
(431, 64, 'Dordogne'),
(432, 64, 'Corse'),
(433, 64, 'C&ocirc;te d&#039;Or'),
(434, 64, 'Sa&ocirc;ne et Loire'),
(435, 64, 'C&ocirc;tes d&#039;Armor'),
(436, 64, 'Creuse'),
(437, 64, 'Doubs'),
(438, 64, 'Dr&ocirc;me'),
(439, 64, 'Eure'),
(440, 64, 'Eure-et-Loire'),
(441, 64, 'Finist&egrave;re'),
(442, 64, 'Gard'),
(443, 64, 'Haute-Garonne'),
(444, 64, 'Gers'),
(445, 64, 'Gironde'),
(446, 64, 'Hérault'),
(447, 64, 'Ille et Vilaine'),
(448, 64, 'Indre'),
(449, 64, 'Indre-et-Loire'),
(450, 64, 'Isère'),
(451, 64, 'Jura'),
(452, 64, 'Landes'),
(453, 64, 'Loir-et-Cher'),
(454, 64, 'Loire'),
(455, 64, 'Rh&ocirc;ne'),
(456, 64, 'Haute-Loire'),
(457, 64, 'Loire Atlantique'),
(458, 64, 'Loiret'),
(459, 64, 'Lot'),
(460, 64, 'Lot-et-Garonne'),
(461, 64, 'Loz&egrave;re'),
(462, 64, 'Maine et Loire'),
(463, 64, 'Manche'),
(464, 64, 'Marne'),
(465, 64, 'Haute-Marne'),
(466, 64, 'Mayenne'),
(467, 64, 'Meurthe-et-Moselle'),
(468, 64, 'Meuse'),
(469, 64, 'Morbihan'),
(470, 64, 'Moselle'),
(471, 64, 'Ni&egrave;vre'),
(472, 64, 'Nord'),
(473, 64, 'Oise'),
(474, 64, 'Orne'),
(475, 64, 'Pas-de-Calais'),
(476, 64, 'Puy-de-D&ocirc;me'),
(477, 64, 'Pyrénées-Atlantiques'),
(478, 64, 'Hautes-Pyrénées'),
(479, 64, 'Pyrénées-Orientales'),
(480, 64, 'Bas Rhin'),
(481, 64, 'Haut Rhin'),
(482, 64, 'Haute-Sa&ocirc;ne'),
(483, 64, 'Sarthe'),
(484, 64, 'Savoie'),
(485, 64, 'Paris'),
(486, 64, 'Seine-Maritime'),
(487, 64, 'Seine-et-Marne'),
(488, 64, 'Yvelines'),
(489, 64, 'Deux-S&egrave;vres'),
(490, 64, 'Somme'),
(491, 64, 'Tarn'),
(492, 64, 'Tarn-et-Garonne'),
(493, 64, 'Var'),
(494, 64, 'Vaucluse'),
(495, 64, 'Vendée'),
(496, 64, 'Vienne'),
(497, 64, 'Haute-Vienne'),
(498, 64, 'Vosges'),
(499, 64, 'Yonne'),
(500, 64, 'Territoire de Belfort'),
(501, 64, 'Essonne'),
(502, 64, 'Hauts-de-Seine'),
(503, 64, 'Seine-Saint-Denis'),
(504, 64, 'Val-de-Marne'),
(505, 64, 'Val-d&#039;Oise'),
(506, 29, 'Piemonte - Torino'),
(507, 29, 'Piemonte - Alessandria'),
(508, 29, 'Piemonte - Asti'),
(509, 29, 'Piemonte - Biella'),
(510, 29, 'Piemonte - Cuneo'),
(511, 29, 'Piemonte - Novara'),
(512, 29, 'Piemonte - Verbania'),
(513, 29, 'Piemonte - Vercelli'),
(514, 29, 'Valle d&#039;Aosta - Aosta'),
(515, 29, 'Lombardia - Milano'),
(516, 29, 'Lombardia - Bergamo'),
(517, 29, 'Lombardia - Brescia'),
(518, 29, 'Lombardia - Como'),
(519, 29, 'Lombardia - Cremona'),
(520, 29, 'Lombardia - Lecco'),
(521, 29, 'Lombardia - Lodi'),
(522, 29, 'Lombardia - Mantova'),
(523, 29, 'Lombardia - Pavia'),
(524, 29, 'Lombardia - Sondrio'),
(525, 29, 'Lombardia - Varese'),
(526, 29, 'Trentino Alto Adige - Trento'),
(527, 29, 'Trentino Alto Adige - Bolzano'),
(528, 29, 'Veneto - Venezia'),
(529, 29, 'Veneto - Belluno'),
(530, 29, 'Veneto - Padova'),
(531, 29, 'Veneto - Rovigo'),
(532, 29, 'Veneto - Treviso'),
(533, 29, 'Veneto - Verona'),
(534, 29, 'Veneto - Vicenza'),
(535, 29, 'Friuli Venezia Giulia - Trieste'),
(536, 29, 'Friuli Venezia Giulia - Gorizia'),
(537, 29, 'Friuli Venezia Giulia - Pordenone'),
(538, 29, 'Friuli Venezia Giulia - Udine'),
(539, 29, 'Liguria - Genova'),
(540, 29, 'Liguria - Imperia'),
(541, 29, 'Liguria - La Spezia'),
(542, 29, 'Liguria - Savona'),
(543, 29, 'Emilia Romagna - Bologna'),
(544, 29, 'Emilia Romagna - Ferrara'),
(545, 29, 'Emilia Romagna - Forlì-Cesena'),
(546, 29, 'Emilia Romagna - Modena'),
(547, 29, 'Emilia Romagna - Parma'),
(548, 29, 'Emilia Romagna - Piacenza'),
(549, 29, 'Emilia Romagna - Ravenna'),
(550, 29, 'Emilia Romagna - Reggio Emilia'),
(551, 29, 'Emilia Romagna - Rimini'),
(552, 29, 'Toscana - Firenze'),
(553, 29, 'Toscana - Arezzo'),
(554, 29, 'Toscana - Grosseto'),
(555, 29, 'Toscana - Livorno'),
(556, 29, 'Toscana - Lucca'),
(557, 29, 'Toscana - Massa Carrara'),
(558, 29, 'Toscana - Pisa'),
(559, 29, 'Toscana - Pistoia'),
(560, 29, 'Toscana - Prato'),
(561, 29, 'Toscana - Siena'),
(562, 29, 'Umbria - Perugia'),
(563, 29, 'Umbria - Terni'),
(564, 29, 'Marche - Ancona'),
(565, 29, 'Marche - Ascoli Piceno'),
(566, 29, 'Marche - Macerata'),
(567, 29, 'Marche - Pesaro - Urbino'),
(568, 29, 'Lazio - Roma'),
(569, 29, 'Lazio - Frosinone'),
(570, 29, 'Lazio - Latina'),
(571, 29, 'Lazio - Rieti'),
(572, 29, 'Lazio - Viterbo'),
(573, 29, 'Abruzzo - L´Aquila'),
(574, 29, 'Abruzzo - Chieti'),
(575, 29, 'Abruzzo - Pescara'),
(576, 29, 'Abruzzo - Teramo'),
(577, 29, 'Molise - Campobasso'),
(578, 29, 'Molise - Isernia'),
(579, 29, 'Campania - Napoli'),
(580, 29, 'Campania - Avellino'),
(581, 29, 'Campania - Benevento'),
(582, 29, 'Campania - Caserta'),
(583, 29, 'Campania - Salerno'),
(584, 29, 'Puglia - Bari'),
(585, 29, 'Puglia - Brindisi'),
(586, 29, 'Puglia - Foggia'),
(587, 29, 'Puglia - Lecce'),
(588, 29, 'Puglia - Taranto'),
(589, 29, 'Basilicata - Potenza'),
(590, 29, 'Basilicata - Matera'),
(591, 29, 'Calabria - Catanzaro'),
(592, 29, 'Calabria - Cosenza'),
(593, 29, 'Calabria - Crotone'),
(594, 29, 'Calabria - Reggio Calabria'),
(595, 29, 'Calabria - Vibo Valentia'),
(596, 29, 'Sicilia - Palermo'),
(597, 29, 'Sicilia - Agrigento'),
(598, 29, 'Sicilia - Caltanissetta'),
(599, 29, 'Sicilia - Catania'),
(600, 29, 'Sicilia - Enna'),
(601, 29, 'Sicilia - Messina'),
(602, 29, 'Sicilia - Ragusa'),
(603, 29, 'Sicilia - Siracusa'),
(604, 29, 'Sicilia - Trapani'),
(605, 29, 'Sardegna - Cagliari'),
(606, 29, 'Sardegna - Nuoro'),
(607, 29, 'Sardegna - Oristano'),
(608, 29, 'Sardegna - Sassari'),
(609, 28, 'Las Palmas'),
(610, 28, 'Soria'),
(611, 28, 'Palencia'),
(612, 28, 'Zamora'),
(613, 28, 'Cádiz'),
(614, 28, 'Navarra'),
(615, 28, 'Ourense'),
(616, 28, 'Segovia'),
(617, 28, 'Guip&uacute;zcoa'),
(618, 28, 'Ciudad Real'),
(619, 28, 'Vizcaya'),
(620, 28, 'álava'),
(621, 28, 'A Coruña'),
(622, 28, 'Cantabria'),
(623, 28, 'Almería'),
(624, 28, 'Zaragoza'),
(625, 28, 'Santa Cruz de Tenerife'),
(626, 28, 'Cáceres'),
(627, 28, 'Guadalajara'),
(628, 28, 'ávila'),
(629, 28, 'Toledo'),
(630, 28, 'Castellón'),
(631, 28, 'Tarragona'),
(632, 28, 'Lugo'),
(633, 28, 'La Rioja'),
(634, 28, 'Ceuta'),
(635, 28, 'Murcia'),
(636, 28, 'Salamanca'),
(637, 28, 'Valladolid'),
(638, 28, 'Jaén'),
(639, 28, 'Girona'),
(640, 28, 'Granada'),
(641, 28, 'Alacant'),
(642, 28, 'Córdoba'),
(643, 28, 'Albacete'),
(644, 28, 'Cuenca'),
(645, 28, 'Pontevedra'),
(646, 28, 'Teruel'),
(647, 28, 'Melilla'),
(648, 28, 'Barcelona'),
(649, 28, 'Badajoz'),
(650, 28, 'Madrid'),
(651, 28, 'Sevilla'),
(652, 28, 'Val&egrave;ncia'),
(653, 28, 'Huelva'),
(654, 28, 'Lleida'),
(655, 28, 'León'),
(656, 28, 'Illes Balears'),
(657, 28, 'Burgos'),
(658, 28, 'Huesca'),
(659, 28, 'Asturias'),
(660, 28, 'Málaga'),
(661, 144, 'Afghanistan'),
(662, 210, 'Niger'),
(663, 133, 'Mali'),
(664, 156, 'Burkina Faso'),
(665, 136, 'Togo'),
(666, 151, 'Benin'),
(667, 119, 'Angola'),
(668, 102, 'Namibia'),
(669, 100, 'Botswana'),
(670, 134, 'Madagascar'),
(671, 202, 'Mauritius'),
(672, 196, 'Laos'),
(673, 158, 'Cambodia'),
(674, 90, 'Philippines'),
(675, 88, 'Papua New Guinea'),
(676, 228, 'Solomon Islands'),
(677, 240, 'Vanuatu'),
(678, 176, 'Fiji'),
(679, 223, 'Samoa'),
(680, 206, 'Nauru'),
(681, 168, 'Cote D&#039;Ivoire'),
(682, 198, 'Liberia'),
(683, 187, 'Guinea'),
(684, 189, 'Guyana'),
(685, 98, 'Algeria'),
(686, 147, 'Antigua and Barbuda'),
(687, 127, 'Bahrain'),
(688, 149, 'Bangladesh'),
(689, 128, 'Barbados'),
(690, 152, 'Bhutan'),
(691, 155, 'Brunei'),
(692, 157, 'Burundi'),
(693, 159, 'Cape Verde'),
(694, 130, 'Chad'),
(695, 164, 'Comoros'),
(696, 112, 'Congo (Brazzaville)'),
(697, 169, 'Djibouti'),
(698, 171, 'East Timor'),
(699, 173, 'Eritrea'),
(700, 121, 'Ethiopia'),
(701, 180, 'Gabon'),
(702, 181, 'Gambia'),
(703, 105, 'Ghana'),
(704, 197, 'Lesotho'),
(705, 125, 'Malawi'),
(706, 200, 'Maldives'),
(707, 205, 'Myanmar (Burma)'),
(708, 107, 'Nepal'),
(709, 213, 'Oman'),
(710, 217, 'Rwanda'),
(711, 91, 'Saudi Arabia'),
(712, 120, 'Sri Lanka'),
(713, 232, 'Sudan'),
(714, 234, 'Swaziland'),
(715, 101, 'Tanzania'),
(716, 236, 'Tonga'),
(717, 239, 'Tuvalu'),
(718, 242, 'Western Sahara'),
(719, 243, 'Yemen'),
(720, 116, 'Zambia'),
(721, 96, 'Zimbabwe'),
(722, 66, 'Aargau'),
(723, 66, 'Appenzell Innerrhoden'),
(724, 66, 'Appenzell Ausserrhoden'),
(725, 66, 'Bern'),
(726, 66, 'Basel-Landschaft'),
(727, 66, 'Basel-Stadt'),
(728, 66, 'Fribourg'),
(729, 66, 'Gen&egrave;ve'),
(730, 66, 'Glarus'),
(731, 66, 'Graubünden'),
(732, 66, 'Jura'),
(733, 66, 'Luzern'),
(734, 66, 'Neuch&acirc;tel'),
(735, 66, 'Nidwalden'),
(736, 66, 'Obwalden'),
(737, 66, 'Sankt Gallen'),
(738, 66, 'Schaffhausen'),
(739, 66, 'Solothurn'),
(740, 66, 'Schwyz'),
(741, 66, 'Thurgau'),
(742, 66, 'Ticino'),
(743, 66, 'Uri'),
(744, 66, 'Vaud'),
(745, 66, 'Valais'),
(746, 66, 'Zug'),
(747, 66, 'Zürich'),
(749, 48, 'Aveiro'),
(750, 48, 'Beja'),
(751, 48, 'Braga'),
(752, 48, 'Braganca'),
(753, 48, 'Castelo Branco'),
(754, 48, 'Coimbra'),
(755, 48, 'Evora'),
(756, 48, 'Faro'),
(757, 48, 'Madeira'),
(758, 48, 'Guarda'),
(759, 48, 'Leiria'),
(760, 48, 'Lisboa'),
(761, 48, 'Portalegre'),
(762, 48, 'Porto'),
(763, 48, 'Santarem'),
(764, 48, 'Setubal'),
(765, 48, 'Viana do Castelo'),
(766, 48, 'Vila Real'),
(767, 48, 'Viseu'),
(768, 48, 'Azores'),
(769, 55, 'Armed Forces Americas'),
(770, 55, 'Armed Forces Europe'),
(771, 55, 'Alaska'),
(772, 55, 'Alabama'),
(773, 55, 'Armed Forces Pacific'),
(774, 55, 'Arkansas'),
(775, 55, 'American Samoa'),
(776, 55, 'Arizona'),
(777, 55, 'California'),
(778, 55, 'Colorado'),
(779, 55, 'Connecticut'),
(780, 55, 'District of Columbia'),
(781, 55, 'Delaware'),
(782, 55, 'Florida'),
(783, 55, 'Federated States of Micronesia'),
(784, 55, 'Georgia'),
(786, 55, 'Hawaii'),
(787, 55, 'Iowa'),
(788, 55, 'Idaho'),
(789, 55, 'Illinois'),
(790, 55, 'Indiana'),
(791, 55, 'Kansas'),
(792, 55, 'Kentucky'),
(793, 55, 'Louisiana'),
(794, 55, 'Massachusetts'),
(795, 55, 'Maryland'),
(796, 55, 'Maine'),
(797, 55, 'Marshall Islands'),
(798, 55, 'Michigan'),
(799, 55, 'Minnesota'),
(800, 55, 'Missouri'),
(801, 55, 'Northern Mariana Islands'),
(802, 55, 'Mississippi'),
(803, 55, 'Montana'),
(804, 55, 'North Carolina'),
(805, 55, 'North Dakota'),
(806, 55, 'Nebraska'),
(807, 55, 'New Hampshire'),
(808, 55, 'New Jersey'),
(809, 55, 'New Mexico'),
(810, 55, 'Nevada'),
(811, 55, 'New York'),
(812, 55, 'Ohio'),
(813, 55, 'Oklahoma'),
(814, 55, 'Oregon'),
(815, 55, 'Pennsylvania'),
(816, 246, 'Puerto Rico'),
(817, 55, 'Palau'),
(818, 55, 'Rhode Island'),
(819, 55, 'South Carolina'),
(820, 55, 'South Dakota'),
(821, 55, 'Tennessee'),
(822, 55, 'Texas'),
(823, 55, 'Utah'),
(824, 55, 'Virginia'),
(825, 55, 'Virgin Islands'),
(826, 55, 'Vermont'),
(827, 55, 'Washington'),
(828, 55, 'West Virginia'),
(829, 55, 'Wisconsin'),
(830, 55, 'Wyoming'),
(831, 94, 'Greenland'),
(832, 18, 'Brandenburg'),
(833, 18, 'Baden-Württemberg'),
(834, 18, 'Bayern'),
(835, 18, 'Hessen'),
(836, 18, 'Hamburg'),
(837, 18, 'Mecklenburg-Vorpommern'),
(838, 18, 'Niedersachsen'),
(839, 18, 'Nordrhein-Westfalen'),
(840, 18, 'Rheinland-Pfalz'),
(841, 18, 'Schleswig-Holstein'),
(842, 18, 'Sachsen'),
(843, 18, 'Sachsen-Anhalt'),
(844, 18, 'Thüringen'),
(845, 18, 'Berlin'),
(846, 18, 'Bremen'),
(847, 18, 'Saarland'),
(848, 13, 'Scotland North'),
(849, 13, 'England - East'),
(850, 13, 'England - West Midlands'),
(851, 13, 'England - South West'),
(852, 13, 'England - North West'),
(853, 13, 'England - Yorks &amp; Humber'),
(854, 13, 'England - South East'),
(855, 13, 'England - London'),
(856, 13, 'Northern Ireland'),
(857, 13, 'England - North East'),
(858, 13, 'Wales South'),
(859, 13, 'Wales North'),
(860, 13, 'England - East Midlands'),
(861, 13, 'Scotland Central'),
(862, 13, 'Scotland South'),
(863, 13, 'Channel Islands'),
(864, 13, 'Isle of Man'),
(865, 2, 'Burgenland'),
(866, 2, 'Kärnten'),
(867, 2, 'Niederösterreich'),
(868, 2, 'Oberösterreich'),
(869, 2, 'Salzburg'),
(870, 2, 'Steiermark'),
(871, 2, 'Tirol'),
(872, 2, 'Vorarlberg'),
(873, 2, 'Wien'),
(874, 9, 'Bruxelles'),
(875, 9, 'West-Vlaanderen'),
(876, 9, 'Oost-Vlaanderen'),
(877, 9, 'Limburg'),
(878, 9, 'Vlaams Brabant'),
(879, 9, 'Antwerpen'),
(880, 9, 'LiÄge'),
(881, 9, 'Namur'),
(882, 9, 'Hainaut'),
(883, 9, 'Luxembourg'),
(884, 9, 'Brabant Wallon'),
(887, 67, 'Blekinge Lan'),
(888, 67, 'Gavleborgs Lan'),
(890, 67, 'Gotlands Lan'),
(891, 67, 'Hallands Lan'),
(892, 67, 'Jamtlands Lan'),
(893, 67, 'Jonkopings Lan'),
(894, 67, 'Kalmar Lan'),
(895, 67, 'Dalarnas Lan'),
(897, 67, 'Kronobergs Lan'),
(899, 67, 'Norrbottens Lan'),
(900, 67, 'Orebro Lan'),
(901, 67, 'Ostergotlands Lan'),
(903, 67, 'Sodermanlands Lan'),
(904, 67, 'Uppsala Lan'),
(905, 67, 'Varmlands Lan'),
(906, 67, 'Vasterbottens Lan'),
(907, 67, 'Vasternorrlands Lan'),
(908, 67, 'Vastmanlands Lan'),
(909, 67, 'Stockholms Lan'),
(910, 67, 'Skane Lan'),
(911, 67, 'Vastra Gotaland'),
(913, 46, 'Akershus'),
(914, 46, 'Aust-Agder'),
(915, 46, 'Buskerud'),
(916, 46, 'Finnmark'),
(917, 46, 'Hedmark'),
(918, 46, 'Hordaland'),
(919, 46, 'More og Romsdal'),
(920, 46, 'Nordland'),
(921, 46, 'Nord-Trondelag'),
(922, 46, 'Oppland'),
(923, 46, 'Oslo'),
(924, 46, 'Ostfold'),
(925, 46, 'Rogaland'),
(926, 46, 'Sogn og Fjordane'),
(927, 46, 'Sor-Trondelag'),
(928, 46, 'Telemark'),
(929, 46, 'Troms'),
(930, 46, 'Vest-Agder'),
(931, 46, 'Vestfold'),
(933, 63, '&ETH;&bull;land'),
(934, 63, 'Lapland'),
(935, 63, 'Oulu'),
(936, 63, 'Southern Finland'),
(937, 63, 'Eastern Finland'),
(938, 63, 'Western Finland'),
(940, 22, 'Arhus'),
(941, 22, 'Bornholm'),
(942, 22, 'Frederiksborg'),
(943, 22, 'Fyn'),
(944, 22, 'Kobenhavn'),
(945, 22, 'Staden Kobenhavn'),
(946, 22, 'Nordjylland'),
(947, 22, 'Ribe'),
(948, 22, 'Ringkobing'),
(949, 22, 'Roskilde'),
(950, 22, 'Sonderjylland'),
(951, 22, 'Storstrom'),
(952, 22, 'Vejle'),
(953, 22, 'Vestsjalland'),
(954, 22, 'Viborg'),
(956, 65, 'Hlavni Mesto Praha'),
(957, 65, 'Jihomoravsky Kraj'),
(958, 65, 'Jihocesky Kraj'),
(959, 65, 'Vysocina'),
(960, 65, 'Karlovarsky Kraj'),
(961, 65, 'Kralovehradecky Kraj'),
(962, 65, 'Liberecky Kraj'),
(963, 65, 'Olomoucky Kraj'),
(964, 65, 'Moravskoslezsky Kraj'),
(965, 65, 'Pardubicky Kraj'),
(966, 65, 'Plzensky Kraj'),
(967, 65, 'Stredocesky Kraj'),
(968, 65, 'Ustecky Kraj'),
(969, 65, 'Zlinsky Kraj'),
(971, 114, 'Berat'),
(972, 114, 'Diber'),
(973, 114, 'Durres'),
(974, 114, 'Elbasan'),
(975, 114, 'Fier'),
(976, 114, 'Gjirokaster'),
(977, 114, 'Korce'),
(978, 114, 'Kukes'),
(979, 114, 'Lezhe'),
(980, 114, 'Shkoder'),
(981, 114, 'Tirane'),
(982, 114, 'Vlore'),
(984, 145, 'Canillo'),
(985, 145, 'Encamp'),
(986, 145, 'La Massana'),
(987, 145, 'Ordino'),
(988, 145, 'Sant Julia de Loria'),
(989, 145, 'Andorra la Vella'),
(990, 145, 'Escaldes-Engordany'),
(992, 6, 'Aragatsotn'),
(993, 6, 'Ararat'),
(994, 6, 'Armavir'),
(995, 6, 'Geghark&#039;unik&#039;'),
(996, 6, 'Kotayk&#039;'),
(997, 6, 'Lorri'),
(998, 6, 'Shirak'),
(999, 6, 'Syunik&#039;'),
(1000, 6, 'Tavush'),
(1001, 6, 'Vayots&#039; Dzor'),
(1002, 6, 'Yerevan'),
(1004, 79, 'Federation of Bosnia and Herzegovina'),
(1005, 79, 'Republika Srpska'),
(1007, 11, 'Mikhaylovgrad'),
(1008, 11, 'Blagoevgrad'),
(1009, 11, 'Burgas'),
(1010, 11, 'Dobrich'),
(1011, 11, 'Gabrovo'),
(1012, 11, 'Grad Sofiya'),
(1013, 11, 'Khaskovo'),
(1014, 11, 'Kurdzhali'),
(1015, 11, 'Kyustendil'),
(1016, 11, 'Lovech'),
(1017, 11, 'Montana'),
(1018, 11, 'Pazardzhik'),
(1019, 11, 'Pernik'),
(1020, 11, 'Pleven'),
(1021, 11, 'Plovdiv'),
(1022, 11, 'Razgrad'),
(1023, 11, 'Ruse'),
(1024, 11, 'Shumen'),
(1025, 11, 'Silistra'),
(1026, 11, 'Sliven'),
(1027, 11, 'Smolyan'),
(1028, 11, 'Sofiya'),
(1029, 11, 'Stara Zagora'),
(1030, 11, 'Turgovishte'),
(1031, 11, 'Varna'),
(1032, 11, 'Veliko Turnovo'),
(1033, 11, 'Vidin'),
(1034, 11, 'Vratsa'),
(1035, 11, 'Yambol'),
(1037, 71, 'Bjelovarsko-Bilogorska'),
(1038, 71, 'Brodsko-Posavska'),
(1039, 71, 'Dubrovacko-Neretvanska'),
(1040, 71, 'Istarska'),
(1041, 71, 'Karlovacka'),
(1042, 71, 'Koprivnicko-Krizevacka'),
(1043, 71, 'Krapinsko-Zagorska'),
(1044, 71, 'Licko-Senjska'),
(1045, 71, 'Medimurska'),
(1046, 71, 'Osjecko-Baranjska'),
(1047, 71, 'Pozesko-Slavonska'),
(1048, 71, 'Primorsko-Goranska'),
(1049, 71, 'Sibensko-Kninska'),
(1050, 71, 'Sisacko-Moslavacka'),
(1051, 71, 'Splitsko-Dalmatinska'),
(1052, 71, 'Varazdinska'),
(1053, 71, 'Viroviticko-Podravska'),
(1054, 71, 'Vukovarsko-Srijemska'),
(1055, 71, 'Zadarska'),
(1056, 71, 'Zagrebacka'),
(1057, 71, 'Grad Zagreb'),
(1059, 143, 'Gibraltar'),
(1060, 20, 'Evros'),
(1061, 20, 'Rodhopi'),
(1062, 20, 'Xanthi'),
(1063, 20, 'Drama'),
(1064, 20, 'Serrai'),
(1065, 20, 'Kilkis'),
(1066, 20, 'Pella'),
(1067, 20, 'Florina'),
(1068, 20, 'Kastoria'),
(1069, 20, 'Grevena'),
(1070, 20, 'Kozani'),
(1071, 20, 'Imathia'),
(1072, 20, 'Thessaloniki'),
(1073, 20, 'Kavala'),
(1074, 20, 'Khalkidhiki'),
(1075, 20, 'Pieria'),
(1076, 20, 'Ioannina'),
(1077, 20, 'Thesprotia'),
(1078, 20, 'Preveza'),
(1079, 20, 'Arta'),
(1080, 20, 'Larisa'),
(1081, 20, 'Trikala'),
(1082, 20, 'Kardhitsa'),
(1083, 20, 'Magnisia'),
(1084, 20, 'Kerkira'),
(1085, 20, 'Levkas'),
(1086, 20, 'Kefallinia'),
(1087, 20, 'Zakinthos'),
(1088, 20, 'Fthiotis'),
(1089, 20, 'Evritania'),
(1090, 20, 'Aitolia kai Akarnania'),
(1091, 20, 'Fokis'),
(1092, 20, 'Voiotia'),
(1093, 20, 'Evvoia'),
(1094, 20, 'Attiki'),
(1095, 20, 'Argolis'),
(1096, 20, 'Korinthia'),
(1097, 20, 'Akhaia'),
(1098, 20, 'Ilia'),
(1099, 20, 'Messinia'),
(1100, 20, 'Arkadhia'),
(1101, 20, 'Lakonia'),
(1102, 20, 'Khania'),
(1103, 20, 'Rethimni'),
(1104, 20, 'Iraklion'),
(1105, 20, 'Lasithi'),
(1106, 20, 'Dhodhekanisos'),
(1107, 20, 'Samos'),
(1108, 20, 'Kikladhes'),
(1109, 20, 'Khios'),
(1110, 20, 'Lesvos'),
(1112, 14, 'Bacs-Kiskun'),
(1113, 14, 'Baranya'),
(1114, 14, 'Bekes'),
(1115, 14, 'Borsod-Abauj-Zemplen'),
(1116, 14, 'Budapest'),
(1117, 14, 'Csongrad'),
(1118, 14, 'Debrecen'),
(1119, 14, 'Fejer'),
(1120, 14, 'Gyor-Moson-Sopron'),
(1121, 14, 'Hajdu-Bihar'),
(1122, 14, 'Heves'),
(1123, 14, 'Komarom-Esztergom'),
(1124, 14, 'Miskolc'),
(1125, 14, 'Nograd'),
(1126, 14, 'Pecs'),
(1127, 14, 'Pest'),
(1128, 14, 'Somogy'),
(1129, 14, 'Szabolcs-Szatmar-Bereg'),
(1130, 14, 'Szeged'),
(1131, 14, 'Jasz-Nagykun-Szolnok'),
(1132, 14, 'Tolna'),
(1133, 14, 'Vas'),
(1134, 14, 'Veszprem'),
(1135, 14, 'Zala'),
(1136, 14, 'Gyor'),
(1150, 14, 'Veszprem'),
(1152, 126, 'Balzers'),
(1153, 126, 'Eschen'),
(1154, 126, 'Gamprin'),
(1155, 126, 'Mauren'),
(1156, 126, 'Planken'),
(1157, 126, 'Ruggell'),
(1158, 126, 'Schaan'),
(1159, 126, 'Schellenberg'),
(1160, 126, 'Triesen'),
(1161, 126, 'Triesenberg'),
(1162, 126, 'Vaduz'),
(1163, 41, 'Diekirch'),
(1164, 41, 'Grevenmacher'),
(1165, 41, 'Luxembourg'),
(1167, 85, 'Aracinovo'),
(1168, 85, 'Bac'),
(1169, 85, 'Belcista'),
(1170, 85, 'Berovo'),
(1171, 85, 'Bistrica'),
(1172, 85, 'Bitola'),
(1173, 85, 'Blatec'),
(1174, 85, 'Bogdanci'),
(1175, 85, 'Bogomila'),
(1176, 85, 'Bogovinje'),
(1177, 85, 'Bosilovo'),
(1179, 85, 'Cair'),
(1180, 85, 'Capari'),
(1181, 85, 'Caska'),
(1182, 85, 'Cegrane'),
(1184, 85, 'Centar Zupa'),
(1187, 85, 'Debar'),
(1188, 85, 'Delcevo'),
(1190, 85, 'Demir Hisar'),
(1191, 85, 'Demir Kapija'),
(1195, 85, 'Dorce Petrov'),
(1198, 85, 'Gazi Baba'),
(1199, 85, 'Gevgelija'),
(1200, 85, 'Gostivar'),
(1201, 85, 'Gradsko'),
(1204, 85, 'Jegunovce'),
(1205, 85, 'Kamenjane'),
(1207, 85, 'Karpos'),
(1208, 85, 'Kavadarci'),
(1209, 85, 'Kicevo'),
(1210, 85, 'Kisela Voda'),
(1211, 85, 'Klecevce'),
(1212, 85, 'Kocani'),
(1214, 85, 'Kondovo'),
(1217, 85, 'Kratovo'),
(1219, 85, 'Krivogastani'),
(1220, 85, 'Krusevo'),
(1223, 85, 'Kumanovo'),
(1224, 85, 'Labunista'),
(1225, 85, 'Lipkovo'),
(1228, 85, 'Makedonska Kamenica'),
(1229, 85, 'Makedonski Brod'),
(1234, 85, 'Murtino'),
(1235, 85, 'Negotino'),
(1238, 85, 'Novo Selo'),
(1240, 85, 'Ohrid'),
(1242, 85, 'Orizari'),
(1245, 85, 'Petrovec'),
(1248, 85, 'Prilep'),
(1249, 85, 'Probistip'),
(1250, 85, 'Radovis'),
(1252, 85, 'Resen'),
(1253, 85, 'Rosoman'),
(1256, 85, 'Saraj'),
(1260, 85, 'Srbinovo'),
(1262, 85, 'Star Dojran'),
(1264, 85, 'Stip'),
(1265, 85, 'Struga'),
(1266, 85, 'Strumica'),
(1267, 85, 'Studenicani'),
(1268, 85, 'Suto Orizari'),
(1269, 85, 'Sveti Nikole'),
(1270, 85, 'Tearce'),
(1271, 85, 'Tetovo'),
(1273, 85, 'Valandovo'),
(1275, 85, 'Veles'),
(1277, 85, 'Vevcani'),
(1278, 85, 'Vinica'),
(1281, 85, 'Vrapciste'),
(1286, 85, 'Zelino'),
(1289, 85, 'Zrnovci'),
(1291, 86, 'Malta'),
(1292, 44, 'La Condamine'),
(1293, 44, 'Monaco'),
(1294, 44, 'Monte-Carlo'),
(1295, 47, 'Biala Podlaska'),
(1296, 47, 'Bialystok'),
(1297, 47, 'Bielsko'),
(1298, 47, 'Bydgoszcz'),
(1299, 47, 'Chelm'),
(1300, 47, 'Ciechanow'),
(1301, 47, 'Czestochowa'),
(1302, 47, 'Elblag'),
(1303, 47, 'Gdansk'),
(1304, 47, 'Gorzow'),
(1305, 47, 'Jelenia Gora'),
(1306, 47, 'Kalisz'),
(1307, 47, 'Katowice'),
(1308, 47, 'Kielce'),
(1309, 47, 'Konin'),
(1310, 47, 'Koszalin'),
(1311, 47, 'Krakow'),
(1312, 47, 'Krosno'),
(1313, 47, 'Legnica'),
(1314, 47, 'Leszno'),
(1315, 47, 'Lodz'),
(1316, 47, 'Lomza'),
(1317, 47, 'Lublin'),
(1318, 47, 'Nowy Sacz'),
(1319, 47, 'Olsztyn'),
(1320, 47, 'Opole'),
(1321, 47, 'Ostroleka'),
(1322, 47, 'Pila'),
(1323, 47, 'Piotrkow'),
(1324, 47, 'Plock'),
(1325, 47, 'Poznan'),
(1326, 47, 'Przemysl'),
(1327, 47, 'Radom'),
(1328, 47, 'Rzeszow'),
(1329, 47, 'Siedlce'),
(1330, 47, 'Sieradz'),
(1331, 47, 'Skierniewice'),
(1332, 47, 'Slupsk'),
(1333, 47, 'Suwalki'),
(1335, 47, 'Tarnobrzeg'),
(1336, 47, 'Tarnow'),
(1337, 47, 'Torun'),
(1338, 47, 'Walbrzych'),
(1339, 47, 'Warszawa'),
(1340, 47, 'Wloclawek'),
(1341, 47, 'Wroclaw'),
(1342, 47, 'Zamosc'),
(1343, 47, 'Zielona Gora'),
(1344, 47, 'Dolnoslaskie'),
(1345, 47, 'Kujawsko-Pomorskie'),
(1346, 47, 'Lodzkie'),
(1347, 47, 'Lubelskie'),
(1348, 47, 'Lubuskie'),
(1349, 47, 'Malopolskie'),
(1350, 47, 'Mazowieckie'),
(1351, 47, 'Opolskie'),
(1352, 47, 'Podkarpackie'),
(1353, 47, 'Podlaskie'),
(1354, 47, 'Pomorskie'),
(1355, 47, 'Slaskie'),
(1356, 47, 'Swietokrzyskie'),
(1357, 47, 'Warminsko-Mazurskie'),
(1358, 47, 'Wielkopolskie'),
(1359, 47, 'Zachodniopomorskie'),
(1361, 72, 'Alba'),
(1362, 72, 'Arad'),
(1363, 72, 'Arges'),
(1364, 72, 'Bacau'),
(1365, 72, 'Bihor'),
(1366, 72, 'Bistrita-Nasaud'),
(1367, 72, 'Botosani'),
(1368, 72, 'Braila'),
(1369, 72, 'Brasov'),
(1370, 72, 'Bucuresti'),
(1371, 72, 'Buzau'),
(1372, 72, 'Caras-Severin'),
(1373, 72, 'Cluj'),
(1374, 72, 'Constanta'),
(1375, 72, 'Covasna'),
(1376, 72, 'Dambovita'),
(1377, 72, 'Dolj'),
(1378, 72, 'Galati'),
(1379, 72, 'Gorj'),
(1380, 72, 'Harghita'),
(1381, 72, 'Hunedoara'),
(1382, 72, 'Ialomita'),
(1383, 72, 'Iasi'),
(1384, 72, 'Maramures'),
(1385, 72, 'Mehedinti'),
(1386, 72, 'Mures'),
(1387, 72, 'Neamt'),
(1388, 72, 'Olt'),
(1389, 72, 'Prahova'),
(1390, 72, 'Salaj'),
(1391, 72, 'Satu Mare'),
(1392, 72, 'Sibiu'),
(1393, 72, 'Suceava'),
(1394, 72, 'Teleorman'),
(1395, 72, 'Timis'),
(1396, 72, 'Tulcea'),
(1397, 72, 'Vaslui'),
(1398, 72, 'Valcea'),
(1399, 72, 'Vrancea'),
(1400, 72, 'Calarasi'),
(1401, 72, 'Giurgiu'),
(1404, 224, 'Acquaviva'),
(1405, 224, 'Chiesanuova'),
(1406, 224, 'Domagnano'),
(1407, 224, 'Faetano'),
(1408, 224, 'Fiorentino'),
(1409, 224, 'Borgo Maggiore'),
(1410, 224, 'San Marino'),
(1411, 224, 'Monte Giardino'),
(1412, 224, 'Serravalle'),
(1413, 52, 'Banska Bystrica'),
(1414, 52, 'Bratislava'),
(1415, 52, 'Kosice'),
(1416, 52, 'Nitra'),
(1417, 52, 'Presov'),
(1418, 52, 'Trencin'),
(1419, 52, 'Trnava'),
(1420, 52, 'Zilina'),
(1423, 53, 'Beltinci'),
(1425, 53, 'Bohinj'),
(1426, 53, 'Borovnica'),
(1427, 53, 'Bovec'),
(1428, 53, 'Brda'),
(1429, 53, 'Brezice'),
(1430, 53, 'Brezovica'),
(1432, 53, 'Cerklje na Gorenjskem'),
(1434, 53, 'Cerkno'),
(1436, 53, 'Crna na Koroskem'),
(1437, 53, 'Crnomelj'),
(1438, 53, 'Divaca'),
(1439, 53, 'Dobrepolje'),
(1440, 53, 'Dol pri Ljubljani'),
(1443, 53, 'Duplek'),
(1447, 53, 'Gornji Grad'),
(1450, 53, 'Hrastnik'),
(1451, 53, 'Hrpelje-Kozina'),
(1452, 53, 'Idrija'),
(1453, 53, 'Ig'),
(1454, 53, 'Ilirska Bistrica'),
(1455, 53, 'Ivancna Gorica'),
(1462, 53, 'Komen'),
(1463, 53, 'Koper-Capodistria'),
(1464, 53, 'Kozje'),
(1465, 53, 'Kranj'),
(1466, 53, 'Kranjska Gora'),
(1467, 53, 'Krsko'),
(1469, 53, 'Lasko'),
(1470, 53, 'Ljubljana'),
(1471, 53, 'Ljubno'),
(1472, 53, 'Logatec'),
(1475, 53, 'Medvode'),
(1476, 53, 'Menges'),
(1478, 53, 'Mezica'),
(1480, 53, 'Moravce'),
(1482, 53, 'Mozirje'),
(1483, 53, 'Murska Sobota'),
(1487, 53, 'Nova Gorica'),
(1489, 53, 'Ormoz'),
(1491, 53, 'Pesnica'),
(1494, 53, 'Postojna'),
(1497, 53, 'Radece'),
(1498, 53, 'Radenci'),
(1500, 53, 'Radovljica'),
(1502, 53, 'Rogaska Slatina'),
(1505, 53, 'Sencur'),
(1506, 53, 'Sentilj'),
(1508, 53, 'Sevnica'),
(1509, 53, 'Sezana'),
(1511, 53, 'Skofja Loka'),
(1513, 53, 'Slovenj Gradec'),
(1514, 53, 'Slovenske Konjice'),
(1515, 53, 'Smarje pri Jelsah'),
(1521, 53, 'Tolmin'),
(1522, 53, 'Trbovlje'),
(1524, 53, 'Trzic'),
(1526, 53, 'Velenje'),
(1528, 53, 'Vipava'),
(1531, 53, 'Vrhnika'),
(1532, 53, 'Vuzenica'),
(1533, 53, 'Zagorje ob Savi'),
(1535, 53, 'Zelezniki'),
(1536, 53, 'Ziri'),
(1537, 53, 'Zrece'),
(1539, 53, 'Domzale'),
(1540, 53, 'Jesenice'),
(1541, 53, 'Kamnik'),
(1542, 53, 'Kocevje'),
(1544, 53, 'Lenart'),
(1545, 53, 'Litija'),
(1546, 53, 'Ljutomer'),
(1550, 53, 'Maribor'),
(1552, 53, 'Novo Mesto'),
(1553, 53, 'Piran'),
(1554, 53, 'Preddvor'),
(1555, 53, 'Ptuj'),
(1556, 53, 'Ribnica'),
(1558, 53, 'Sentjur pri Celju'),
(1559, 53, 'Slovenska Bistrica'),
(1560, 53, 'Videm'),
(1562, 53, 'Zalec'),
(1564, 109, 'Seychelles'),
(1565, 108, 'Mauritania'),
(1566, 135, 'Senegal'),
(1567, 154, 'Road Town'),
(1568, 165, 'Congo'),
(1569, 166, 'Avarua'),
(1570, 172, 'Malabo'),
(1571, 175, 'Torshavn'),
(1572, 178, 'Papeete'),
(1573, 184, 'St George&#039;s'),
(1574, 186, 'St Peter Port'),
(1575, 188, 'Bissau'),
(1576, 193, 'Saint Helier'),
(1577, 201, 'Fort-de-France'),
(1578, 207, 'Willemstad'),
(1579, 208, 'Noumea'),
(1580, 212, 'Kingston'),
(1581, 215, 'Adamstown'),
(1582, 216, 'Doha'),
(1583, 218, 'Jamestown'),
(1584, 219, 'Basseterre'),
(1585, 220, 'Castries'),
(1586, 221, 'Saint Pierre'),
(1587, 222, 'Kingstown'),
(1588, 225, 'San Tome'),
(1589, 226, 'Belgrade'),
(1590, 227, 'Freetown'),
(1591, 229, 'Mogadishu'),
(1592, 235, 'Fakaofo'),
(1593, 237, 'Port of Spain'),
(1594, 241, 'Mata-Utu'),
(1596, 89, 'Amazonas'),
(1597, 89, 'Ancash'),
(1598, 89, 'Apurímac'),
(1599, 89, 'Arequipa'),
(1600, 89, 'Ayacucho'),
(1601, 89, 'Cajamarca'),
(1602, 89, 'Callao'),
(1603, 89, 'Cusco'),
(1604, 89, 'Huancavelica'),
(1605, 89, 'Huánuco'),
(1606, 89, 'Ica'),
(1607, 89, 'Junín'),
(1608, 89, 'La Libertad'),
(1609, 89, 'Lambayeque'),
(1610, 89, 'Lima'),
(1611, 89, 'Loreto'),
(1612, 89, 'Madre de Dios'),
(1613, 89, 'Moquegua'),
(1614, 89, 'Pasco'),
(1615, 89, 'Piura'),
(1616, 89, 'Puno'),
(1617, 89, 'San Martín'),
(1618, 89, 'Tacna'),
(1619, 89, 'Tumbes'),
(1620, 89, 'Ucayali'),
(1622, 110, 'Alto Paraná'),
(1623, 110, 'Amambay'),
(1624, 110, 'Boquerón'),
(1625, 110, 'Caaguaz&uacute;'),
(1626, 110, 'Caazapá'),
(1627, 110, 'Central'),
(1628, 110, 'Concepción'),
(1629, 110, 'Cordillera'),
(1630, 110, 'Guairá'),
(1631, 110, 'Itap&uacute;a'),
(1632, 110, 'Misiones'),
(1633, 110, 'Neembuc&uacute;'),
(1634, 110, 'Paraguarí'),
(1635, 110, 'Presidente Hayes'),
(1636, 110, 'San Pedro'),
(1637, 110, 'Alto Paraguay'),
(1638, 110, 'Canindey&uacute;'),
(1639, 110, 'Chaco'),
(1642, 111, 'Artigas'),
(1643, 111, 'Canelones'),
(1644, 111, 'Cerro Largo'),
(1645, 111, 'Colonia'),
(1646, 111, 'Durazno'),
(1647, 111, 'Flores'),
(1648, 111, 'Florida'),
(1649, 111, 'Lavalleja'),
(1650, 111, 'Maldonado'),
(1651, 111, 'Montevideo'),
(1652, 111, 'Paysand&uacute;'),
(1653, 111, 'Río Negro'),
(1654, 111, 'Rivera'),
(1655, 111, 'Rocha'),
(1656, 111, 'Salto'),
(1657, 111, 'San José'),
(1658, 111, 'Soriano'),
(1659, 111, 'Tacuarembó'),
(1660, 111, 'Treinta y Tres'),
(1662, 81, 'Región de Tarapacá'),
(1663, 81, 'Región de Antofagasta'),
(1664, 81, 'Región de Atacama'),
(1665, 81, 'Región de Coquimbo'),
(1666, 81, 'Región de Valparaíso'),
(1667, 81, 'Región del Libertador General Bernardo O&#039;Higgins'),
(1668, 81, 'Región del Maule'),
(1669, 81, 'Región del Bío Bío'),
(1670, 81, 'Región de La Araucanía'),
(1671, 81, 'Región de Los Lagos'),
(1672, 81, 'Región Aisén del General Carlos Ibáñez del Campo'),
(1673, 81, 'Región de Magallanes y de la Antártica Chilena'),
(1674, 81, 'Región Metropolitana de Santiago'),
(1676, 185, 'Alta Verapaz'),
(1677, 185, 'Baja Verapaz'),
(1678, 185, 'Chimaltenango'),
(1679, 185, 'Chiquimula'),
(1680, 185, 'El Progreso'),
(1681, 185, 'Escuintla'),
(1682, 185, 'Guatemala'),
(1683, 185, 'Huehuetenango'),
(1684, 185, 'Izabal'),
(1685, 185, 'Jalapa'),
(1686, 185, 'Jutiapa'),
(1687, 185, 'Petén'),
(1688, 185, 'Quetzaltenango'),
(1689, 185, 'Quiché'),
(1690, 185, 'Retalhuleu'),
(1691, 185, 'Sacatepéquez'),
(1692, 185, 'San Marcos'),
(1693, 185, 'Santa Rosa'),
(1694, 185, 'Sololá'),
(1695, 185, 'Suchitepequez'),
(1696, 185, 'Totonicapán'),
(1697, 185, 'Zacapa'),
(1699, 82, 'Amazonas'),
(1700, 82, 'Antioquia'),
(1701, 82, 'Arauca'),
(1702, 82, 'Atlántico'),
(1703, 82, 'Caquetá'),
(1704, 82, 'Cauca'),
(1705, 82, 'César'),
(1706, 82, 'Chocó'),
(1707, 82, 'Córdoba'),
(1708, 82, 'Guaviare'),
(1709, 82, 'Guainía'),
(1710, 82, 'Huila'),
(1711, 82, 'La Guajira'),
(1712, 82, 'Meta'),
(1713, 82, 'Narino'),
(1714, 82, 'Norte de Santander'),
(1715, 82, 'Putumayo'),
(1716, 82, 'Quindío'),
(1717, 82, 'Risaralda'),
(1718, 82, 'San Andrés y Providencia'),
(1719, 82, 'Santander'),
(1720, 82, 'Sucre'),
(1721, 82, 'Tolima'),
(1722, 82, 'Valle del Cauca'),
(1723, 82, 'Vaupés'),
(1724, 82, 'Vichada'),
(1725, 82, 'Casanare'),
(1726, 82, 'Cundinamarca'),
(1727, 82, 'Distrito Especial'),
(1730, 82, 'Caldas'),
(1731, 82, 'Magdalena'),
(1733, 42, 'Aguascalientes'),
(1734, 42, 'Baja California'),
(1735, 42, 'Baja California Sur'),
(1736, 42, 'Campeche'),
(1737, 42, 'Chiapas'),
(1738, 42, 'Chihuahua'),
(1739, 42, 'Coahuila de Zaragoza'),
(1740, 42, 'Colima'),
(1741, 42, 'Distrito Federal'),
(1742, 42, 'Durango'),
(1743, 42, 'Guanajuato'),
(1744, 42, 'Guerrero'),
(1745, 42, 'Hidalgo'),
(1746, 42, 'Jalisco'),
(1747, 42, 'México'),
(1748, 42, 'Michoacán de Ocampo'),
(1749, 42, 'Morelos'),
(1750, 42, 'Nayarit'),
(1751, 42, 'Nuevo León'),
(1752, 42, 'Oaxaca'),
(1753, 42, 'Puebla'),
(1754, 42, 'Querétaro de Arteaga'),
(1755, 42, 'Quintana Roo'),
(1756, 42, 'San Luis Potosí'),
(1757, 42, 'Sinaloa'),
(1758, 42, 'Sonora'),
(1759, 42, 'Tabasco'),
(1760, 42, 'Tamaulipas'),
(1761, 42, 'Tlaxcala'),
(1762, 42, 'Veracruz-Llave'),
(1763, 42, 'Yucatán'),
(1764, 42, 'Zacatecas'),
(1766, 124, 'Bocas del Toro'),
(1767, 124, 'Chiriquí'),
(1768, 124, 'Coclé'),
(1769, 124, 'Colón'),
(1770, 124, 'Darién'),
(1771, 124, 'Herrera'),
(1772, 124, 'Los Santos'),
(1773, 124, 'Panamá'),
(1774, 124, 'San Blas'),
(1775, 124, 'Veraguas'),
(1777, 123, 'Chuquisaca'),
(1778, 123, 'Cochabamba'),
(1779, 123, 'El Beni'),
(1780, 123, 'La Paz'),
(1781, 123, 'Oruro'),
(1782, 123, 'Pando'),
(1783, 123, 'Potosí'),
(1784, 123, 'Santa Cruz'),
(1785, 123, 'Tarija'),
(1787, 36, 'Alajuela'),
(1788, 36, 'Cartago'),
(1789, 36, 'Guanacaste'),
(1790, 36, 'Heredia'),
(1791, 36, 'Limón'),
(1792, 36, 'Puntarenas'),
(1793, 36, 'San José'),
(1795, 103, 'Galápagos'),
(1796, 103, 'Azuay'),
(1797, 103, 'Bolívar'),
(1798, 103, 'Canar'),
(1799, 103, 'Carchi'),
(1800, 103, 'Chimborazo'),
(1801, 103, 'Cotopaxi'),
(1802, 103, 'El Oro'),
(1803, 103, 'Esmeraldas'),
(1804, 103, 'Guayas'),
(1805, 103, 'Imbabura'),
(1806, 103, 'Loja'),
(1807, 103, 'Los Ríos'),
(1808, 103, 'Manabí'),
(1809, 103, 'Morona-Santiago'),
(1810, 103, 'Pastaza'),
(1811, 103, 'Pichincha'),
(1812, 103, 'Tungurahua'),
(1813, 103, 'Zamora-Chinchipe'),
(1814, 103, 'Sucumbíos'),
(1815, 103, 'Napo'),
(1816, 103, 'Orellana'),
(1818, 5, 'Buenos Aires'),
(1819, 5, 'Catamarca'),
(1820, 5, 'Chaco'),
(1821, 5, 'Chubut'),
(1822, 5, 'Córdoba'),
(1823, 5, 'Corrientes'),
(1824, 5, 'Distrito Federal'),
(1825, 5, 'Entre Ríos'),
(1826, 5, 'Formosa'),
(1827, 5, 'Jujuy'),
(1828, 5, 'La Pampa'),
(1829, 5, 'La Rioja'),
(1830, 5, 'Mendoza'),
(1831, 5, 'Misiones'),
(1832, 5, 'Neuquén'),
(1833, 5, 'Río Negro'),
(1834, 5, 'Salta'),
(1835, 5, 'San Juan'),
(1836, 5, 'San Luis'),
(1837, 5, 'Santa Cruz'),
(1838, 5, 'Santa Fe'),
(1839, 5, 'Santiago del Estero'),
(1840, 5, 'Tierra del Fuego'),
(1841, 5, 'Tucumán'),
(1843, 95, 'Amazonas'),
(1844, 95, 'Anzoategui'),
(1845, 95, 'Apure'),
(1846, 95, 'Aragua'),
(1847, 95, 'Barinas'),
(1848, 95, 'Bolívar'),
(1849, 95, 'Carabobo'),
(1850, 95, 'Cojedes'),
(1851, 95, 'Delta Amacuro'),
(1852, 95, 'Falcón'),
(1853, 95, 'Guárico'),
(1854, 95, 'Lara'),
(1855, 95, 'Mérida'),
(1856, 95, 'Miranda'),
(1857, 95, 'Monagas'),
(1858, 95, 'Nueva Esparta'),
(1859, 95, 'Portuguesa'),
(1860, 95, 'Sucre'),
(1861, 95, 'Táchira'),
(1862, 95, 'Trujillo'),
(1863, 95, 'Yaracuy'),
(1864, 95, 'Zulia'),
(1865, 95, 'Dependencias Federales'),
(1866, 95, 'Distrito Capital'),
(1867, 95, 'Vargas'),
(1869, 209, 'Boaco'),
(1870, 209, 'Carazo'),
(1871, 209, 'Chinandega'),
(1872, 209, 'Chontales'),
(1873, 209, 'Estelí'),
(1874, 209, 'Granada'),
(1875, 209, 'Jinotega'),
(1876, 209, 'León'),
(1877, 209, 'Madriz'),
(1878, 209, 'Managua'),
(1879, 209, 'Masaya'),
(1880, 209, 'Matagalpa'),
(1881, 209, 'Nueva Segovia'),
(1882, 209, 'Rio San Juan'),
(1883, 209, 'Rivas'),
(1884, 209, 'Zelaya'),
(1886, 113, 'Pinar del Rio'),
(1887, 113, 'Ciudad de la Habana'),
(1888, 113, 'Matanzas'),
(1889, 113, 'Isla de la Juventud'),
(1890, 113, 'Camaguey'),
(1891, 113, 'Ciego de Avila'),
(1892, 113, 'Cienfuegos'),
(1893, 113, 'Granma'),
(1894, 113, 'Guantanamo'),
(1895, 113, 'La Habana'),
(1896, 113, 'Holguin'),
(1897, 113, 'Las Tunas'),
(1898, 113, 'Sancti Spiritus'),
(1899, 113, 'Santiago de Cuba'),
(1900, 113, 'Villa Clara'),
(1901, 12, 'Acre'),
(1902, 12, 'Alagoas'),
(1903, 12, 'Amapa'),
(1904, 12, 'Amazonas'),
(1905, 12, 'Bahia'),
(1906, 12, 'Ceara'),
(1907, 12, 'Distrito Federal'),
(1908, 12, 'Espirito Santo'),
(1909, 12, 'Mato Grosso do Sul'),
(1910, 12, 'Maranhao'),
(1911, 12, 'Mato Grosso'),
(1912, 12, 'Minas Gerais'),
(1913, 12, 'Para'),
(1914, 12, 'Paraiba'),
(1915, 12, 'Parana'),
(1916, 12, 'Piaui'),
(1917, 12, 'Rio de Janeiro'),
(1918, 12, 'Rio Grande do Norte'),
(1919, 12, 'Rio Grande do Sul'),
(1920, 12, 'Rondonia'),
(1921, 12, 'Roraima'),
(1922, 12, 'Santa Catarina'),
(1923, 12, 'Sao Paulo'),
(1924, 12, 'Sergipe'),
(1925, 12, 'Goias'),
(1926, 12, 'Pernambuco'),
(1927, 12, 'Tocantins'),
(1930, 83, 'Akureyri'),
(1931, 83, 'Arnessysla'),
(1932, 83, 'Austur-Bardastrandarsysla'),
(1933, 83, 'Austur-Hunavatnssysla'),
(1934, 83, 'Austur-Skaftafellssysla'),
(1935, 83, 'Borgarfjardarsysla'),
(1936, 83, 'Dalasysla'),
(1937, 83, 'Eyjafjardarsysla'),
(1938, 83, 'Gullbringusysla'),
(1939, 83, 'Hafnarfjordur'),
(1943, 83, 'Kjosarsysla'),
(1944, 83, 'Kopavogur'),
(1945, 83, 'Myrasysla'),
(1946, 83, 'Neskaupstadur'),
(1947, 83, 'Nordur-Isafjardarsysla'),
(1948, 83, 'Nordur-Mulasysla'),
(1949, 83, 'Nordur-Tingeyjarsysla'),
(1950, 83, 'Olafsfjordur'),
(1951, 83, 'Rangarvallasysla'),
(1952, 83, 'Reykjavik'),
(1953, 83, 'Saudarkrokur'),
(1954, 83, 'Seydisfjordur'),
(1956, 83, 'Skagafjardarsysla'),
(1957, 83, 'Snafellsnes- og Hnappadalssysla'),
(1958, 83, 'Strandasysla'),
(1959, 83, 'Sudur-Mulasysla'),
(1960, 83, 'Sudur-Tingeyjarsysla'),
(1961, 83, 'Vestmannaeyjar'),
(1962, 83, 'Vestur-Bardastrandarsysla'),
(1964, 83, 'Vestur-Isafjardarsysla'),
(1965, 83, 'Vestur-Skaftafellssysla'),
(1966, 35, 'Anhui'),
(1967, 35, 'Zhejiang'),
(1968, 35, 'Jiangxi'),
(1969, 35, 'Jiangsu'),
(1970, 35, 'Jilin'),
(1971, 35, 'Qinghai'),
(1972, 35, 'Fujian'),
(1973, 35, 'Heilongjiang'),
(1974, 35, 'Henan'),
(1975, 35, 'Hebei'),
(1976, 35, 'Hunan'),
(1977, 35, 'Hubei'),
(1978, 35, 'Xinjiang'),
(1979, 35, 'Xizang'),
(1980, 35, 'Gansu'),
(1981, 35, 'Guangxi'),
(1982, 35, 'Guizhou'),
(1983, 35, 'Liaoning'),
(1984, 35, 'Nei Mongol'),
(1985, 35, 'Ningxia'),
(1986, 35, 'Beijing'),
(1987, 35, 'Shanghai'),
(1988, 35, 'Shanxi'),
(1989, 35, 'Shandong'),
(1990, 35, 'Shaanxi'),
(1991, 35, 'Sichuan'),
(1992, 35, 'Tianjin'),
(1993, 35, 'Yunnan'),
(1994, 35, 'Guangdong'),
(1995, 35, 'Hainan'),
(1996, 35, 'Chongqing'),
(1997, 97, 'Central'),
(1998, 97, 'Coast'),
(1999, 97, 'Eastern'),
(2000, 97, 'Nairobi Area'),
(2001, 97, 'North-Eastern'),
(2002, 97, 'Nyanza'),
(2003, 97, 'Rift Valley'),
(2004, 97, 'Western'),
(2006, 195, 'Gilbert Islands'),
(2007, 195, 'Line Islands'),
(2008, 195, 'Phoenix Islands'),
(2010, 1, 'Australian Capital Territory'),
(2011, 1, 'New South Wales'),
(2012, 1, 'Northern Territory'),
(2013, 1, 'Queensland'),
(2014, 1, 'South Australia'),
(2015, 1, 'Tasmania'),
(2016, 1, 'Victoria'),
(2017, 1, 'Western Australia'),
(2018, 27, 'Dublin'),
(2019, 27, 'Galway'),
(2020, 27, 'Kildare'),
(2021, 27, 'Leitrim'),
(2022, 27, 'Limerick'),
(2023, 27, 'Mayo'),
(2024, 27, 'Meath'),
(2025, 27, 'Carlow'),
(2026, 27, 'Kilkenny'),
(2027, 27, 'Laois'),
(2028, 27, 'Longford'),
(2029, 27, 'Louth'),
(2030, 27, 'Offaly'),
(2031, 27, 'Westmeath'),
(2032, 27, 'Wexford'),
(2033, 27, 'Wicklow'),
(2034, 27, 'Roscommon'),
(2035, 27, 'Sligo'),
(2036, 27, 'Clare'),
(2037, 27, 'Cork'),
(2038, 27, 'Kerry'),
(2039, 27, 'Tipperary'),
(2040, 27, 'Waterford'),
(2041, 27, 'Cavan'),
(2042, 27, 'Donegal'),
(2043, 27, 'Monaghan'),
(2044, 50, 'Karachaeva-Cherkesskaya Respublica'),
(2045, 50, 'Raimirskii (Dolgano-Nenetskii) AO'),
(2046, 50, 'Respublica Tiva'),
(2047, 32, 'Newfoundland'),
(2048, 32, 'Nova Scotia'),
(2049, 32, 'Prince Edward Island'),
(2050, 32, 'New Brunswick'),
(2051, 32, 'Quebec'),
(2052, 32, 'Ontario'),
(2053, 32, 'Manitoba'),
(2054, 32, 'Saskatchewan'),
(2055, 32, 'Alberta'),
(2056, 32, 'British Columbia'),
(2057, 32, 'Nunavut'),
(2058, 32, 'Northwest Territories'),
(2059, 32, 'Yukon Territory'),
(2060, 19, 'Drenthe'),
(2061, 19, 'Friesland'),
(2062, 19, 'Gelderland'),
(2063, 19, 'Groningen'),
(2064, 19, 'Limburg'),
(2065, 19, 'Noord-Brabant'),
(2066, 19, 'Noord-Holland'),
(2067, 19, 'Utrecht'),
(2068, 19, 'Zeeland'),
(2069, 19, 'Zuid-Holland'),
(2071, 19, 'Overijssel'),
(2072, 19, 'Flevoland'),
(2073, 138, 'Duarte'),
(2074, 138, 'Puerto Plata'),
(2075, 138, 'Valverde'),
(2076, 138, 'María Trinidad Sánchez'),
(2077, 138, 'Azua'),
(2078, 138, 'Santiago'),
(2079, 138, 'San Cristóbal'),
(2080, 138, 'Peravia'),
(2081, 138, 'Elías Piña'),
(2082, 138, 'Barahona'),
(2083, 138, 'Monte Plata'),
(2084, 138, 'Salcedo'),
(2085, 138, 'La Altagracia'),
(2086, 138, 'San Juan'),
(2087, 138, 'Monseñor Nouel'),
(2088, 138, 'Monte Cristi'),
(2089, 138, 'Espaillat'),
(2090, 138, 'Sánchez Ramírez'),
(2091, 138, 'La Vega'),
(2092, 138, 'San Pedro de Macorís'),
(2093, 138, 'Independencia'),
(2094, 138, 'Dajabón'),
(2095, 138, 'Baoruco'),
(2096, 138, 'El Seibo'),
(2097, 138, 'Hato Mayor'),
(2098, 138, 'La Romana'),
(2099, 138, 'Pedernales'),
(2100, 138, 'Samaná'),
(2101, 138, 'Santiago Rodríguez'),
(2102, 138, 'San José de Ocoa'),
(2103, 70, 'Chiba'),
(2104, 70, 'Ehime'),
(2105, 70, 'Oita'),
(2106, 85, 'Skopje'),
(2108, 35, 'Schanghai'),
(2109, 35, 'Hongkong'),
(2110, 35, 'Neimenggu'),
(2111, 35, 'Aomen'),
(2112, 92, 'Amnat Charoen'),
(2113, 92, 'Ang Thong'),
(2114, 92, 'Bangkok'),
(2115, 92, 'Buri Ram'),
(2116, 92, 'Chachoengsao'),
(2117, 92, 'Chai Nat'),
(2118, 92, 'Chaiyaphum'),
(2119, 92, 'Chanthaburi'),
(2120, 92, 'Chiang Mai'),
(2121, 92, 'Chiang Rai'),
(2122, 92, 'Chon Buri'),
(2124, 92, 'Kalasin'),
(2126, 92, 'Kanchanaburi'),
(2127, 92, 'Khon Kaen'),
(2128, 92, 'Krabi'),
(2129, 92, 'Lampang'),
(2131, 92, 'Loei'),
(2132, 92, 'Lop Buri'),
(2133, 92, 'Mae Hong Son'),
(2134, 92, 'Maha Sarakham'),
(2137, 92, 'Nakhon Pathom'),
(2139, 92, 'Nakhon Ratchasima'),
(2140, 92, 'Nakhon Sawan'),
(2141, 92, 'Nakhon Si Thammarat'),
(2143, 92, 'Narathiwat'),
(2144, 92, 'Nong Bua Lam Phu'),
(2145, 92, 'Nong Khai'),
(2146, 92, 'Nonthaburi'),
(2147, 92, 'Pathum Thani'),
(2148, 92, 'Pattani'),
(2149, 92, 'Phangnga'),
(2150, 92, 'Phatthalung'),
(2154, 92, 'Phichit'),
(2155, 92, 'Phitsanulok'),
(2156, 92, 'Phra Nakhon Si Ayutthaya'),
(2157, 92, 'Phrae'),
(2158, 92, 'Phuket'),
(2159, 92, 'Prachin Buri'),
(2160, 92, 'Prachuap Khiri Khan'),
(2162, 92, 'Ratchaburi'),
(2163, 92, 'Rayong'),
(2164, 92, 'Roi Et'),
(2165, 92, 'Sa Kaeo'),
(2166, 92, 'Sakon Nakhon'),
(2167, 92, 'Samut Prakan'),
(2168, 92, 'Samut Sakhon'),
(2169, 92, 'Samut Songkhran'),
(2170, 92, 'Saraburi'),
(2172, 92, 'Si Sa Ket'),
(2173, 92, 'Sing Buri'),
(2174, 92, 'Songkhla'),
(2175, 92, 'Sukhothai'),
(2176, 92, 'Suphan Buri'),
(2177, 92, 'Surat Thani'),
(2178, 92, 'Surin'),
(2180, 92, 'Trang'),
(2182, 92, 'Ubon Ratchathani'),
(2183, 92, 'Udon Thani'),
(2184, 92, 'Uthai Thani'),
(2185, 92, 'Uttaradit'),
(2186, 92, 'Yala'),
(2187, 92, 'Yasothon'),
(2188, 69, 'Busan'),
(2189, 69, 'Daegu'),
(2191, 69, 'Gangwon'),
(2192, 69, 'Gwangju'),
(2193, 69, 'Gyeonggi'),
(2194, 69, 'Gyeongsangbuk'),
(2195, 69, 'Gyeongsangnam'),
(2196, 69, 'Jeju'),
(2201, 25, 'Delhi');

-- --------------------------------------------------------

--
-- Estructura de tabla para la tabla `hoteles`
--

CREATE TABLE `hoteles` (
  `id` bigint(20) NOT NULL,
  `nit` varchar(15) DEFAULT NULL,
  `nombre` varchar(255) DEFAULT NULL,
  `email` varchar(100) DEFAULT NULL,
  `telefono` varchar(15) DEFAULT NULL,
  `direccion` varchar(100) DEFAULT NULL,
  `id_pais` bigint(20) DEFAULT NULL,
  `id_depto` bigint(20) DEFAULT NULL,
  `id_terminos` int(11) DEFAULT NULL,
  `ciudad` varchar(255) DEFAULT NULL,
  `avatar` varchar(255) DEFAULT NULL,
  `fecha_crea` datetime DEFAULT CURRENT_TIMESTAMP,
  `id_autor` int(11) NOT NULL,
  `activo` tinyint(1) DEFAULT '1'
) ENGINE=InnoDB DEFAULT CHARSET=utf8mb4;

--
-- Volcado de datos para la tabla `hoteles`
--

INSERT INTO `hoteles` (`id`, `nit`, `nombre`, `email`, `telefono`, `direccion`, `id_pais`, `id_depto`, `id_terminos`, `ciudad`, `avatar`, `fecha_crea`, `id_autor`, `activo`) VALUES
(1, '0', 'HOTEL DE INICIO', 'HOTEL', '8999', 'XXXXX', 82, 1718, 1, 'XXXX', '/assets/img/avatar/default.jpg', '2021-08-30 22:53:39', 1, 1),
(2, '15242700-0', 'Hotel El Dorado, San Andrés', 'reservaweb@hoteleldorado.com.co', '3209028414', 'Av. Colombia #1A-25, San Andrés,', 82, 1718, 1, 'San Andrés Islas', '/assets/img/avatar/hotel_dorado.jpg', '2021-08-31 00:08:19', 3, 1),
(3, 'NIT 830047455-1', 'Hotel Arena Blanca, La excelencia en san andrés', 'reservaweb@hotelarenablanca.com.co', '3134043683', 'Cra. 1 #2-1, San Andrés, San Andrés y Providencia', 82, 1718, 1, 'San andres', '/assets/img/avatar/arena_blanca.jpg', '2021-08-31 00:11:49', 3, 1),
(4, 'NIT 900.627.264', 'Reina del Mar', 'reservaweb@hotelarenablanca.com.co', '3134043683', 'Sector Playas de San Luis', 82, 1718, 1, 'San andres', '/assets/img/avatar/reina_del_mar.jpg', '2021-08-31 00:13:27', 3, 1),
(5, '152427000', 'Hotel San Luis Place, By Dorado ', 'reservaweb@hotelarenablanca.com.co', '3134043683', 'Sector Rocky Cay, Playas de San Luis', 82, 1718, 1, 'San Andrés', '/assets/img/avatar/san_luis_place.jpg', '2021-08-31 00:14:53', 3, 1),
(6, '9 0 1 5 0 9 8 7', 'MATUR TRAVEL SAS', 'jdrmchado@gmail.com', '3215529229', 'Isla Johnny Cay', 82, 1718, 1, 'San andres', 'assets/img/default.jpg', '2021-11-22 15:07:45', 3, 1),
(7, '185', 'Hotel Verde Mar en San Andrés', 'jdrmchado@gmail.com', '3215529229', 'A 100mts de la playa y con acceso a vehiculos', 82, 1718, 1, 'San andres', 'assets/img/avatar185.png', '2021-11-25 10:39:21', 3, 1);

-- --------------------------------------------------------

--
-- Estructura de tabla para la tabla `metodo_pago`
--

CREATE TABLE `metodo_pago` (
  `id` bigint(20) UNSIGNED NOT NULL,
  `nombre` varchar(100) COLLATE utf8_unicode_ci NOT NULL,
  `id_autor` int(11) NOT NULL,
  `fecha_crea` timestamp NOT NULL DEFAULT CURRENT_TIMESTAMP,
  `activo` tinyint(1) NOT NULL DEFAULT '1'
) ENGINE=InnoDB DEFAULT CHARSET=utf8 COLLATE=utf8_unicode_ci;

--
-- Volcado de datos para la tabla `metodo_pago`
--

INSERT INTO `metodo_pago` (`id`, `nombre`, `id_autor`, `fecha_crea`, `activo`) VALUES
(1, 'Consignación Bancaria', 1, '2021-09-04 00:38:20', 1),
(2, 'Transferencia bancaria', 1, '2021-09-04 00:38:41', 1),
(3, 'Pago online PayU', 1, '2021-09-04 00:39:05', 1),
(4, 'Pago tarjeta no presencial', 1, '2021-09-04 00:40:01', 1);

-- --------------------------------------------------------

--
-- Estructura de tabla para la tabla `motivos`
--

CREATE TABLE `motivos` (
  `id` int(11) NOT NULL,
  `nombre` varchar(255) DEFAULT NULL,
  `descripcion` text,
  `id_autor` int(11) DEFAULT NULL,
  `fecha_crea` datetime DEFAULT CURRENT_TIMESTAMP,
  `activo` tinyint(1) DEFAULT '1'
) ENGINE=InnoDB DEFAULT CHARSET=utf8mb4;

--
-- Volcado de datos para la tabla `motivos`
--

INSERT INTO `motivos` (`id`, `nombre`, `descripcion`, `id_autor`, `fecha_crea`, `activo`) VALUES
(1, 'Vacaciones ', '', 3, '2021-08-31 00:22:33', 1),
(2, 'Aniversario', '', 3, '2021-08-31 00:22:46', 1),
(3, 'Luna de miel', '', 3, '2021-08-31 00:22:52', 1),
(4, 'Paseo Familiar', '', 3, '2021-08-31 00:22:59', 1),
(5, 'Boda', '', 3, '2021-08-31 00:24:01', 1),
(6, '15añeros ', '', 3, '2021-08-31 00:24:09', 0);

-- --------------------------------------------------------

--
-- Estructura de tabla para la tabla `pais`
--

CREATE TABLE `pais` (
  `id` int(11) NOT NULL,
  `paisnombre` varchar(250) COLLATE utf8_unicode_ci NOT NULL
) ENGINE=InnoDB DEFAULT CHARSET=utf8 COLLATE=utf8_unicode_ci;

--
-- Volcado de datos para la tabla `pais`
--

INSERT INTO `pais` (`id`, `paisnombre`) VALUES
(1, 'Australia'),
(2, 'Austria'),
(3, 'Azerbaiyán'),
(4, 'Anguilla'),
(5, 'Argentina'),
(6, 'Armenia'),
(7, 'Bielorrusia'),
(8, 'Belice'),
(9, 'Bélgica'),
(10, 'Bermudas'),
(11, 'Bulgaria'),
(12, 'Brasil'),
(13, 'Reino Unido'),
(14, 'Hungría'),
(15, 'Vietnam'),
(16, 'Haiti'),
(17, 'Guadalupe'),
(18, 'Alemania'),
(19, 'Países Bajos, Holanda'),
(20, 'Grecia'),
(21, 'Georgia'),
(22, 'Dinamarca'),
(23, 'Egipto'),
(24, 'Israel'),
(25, 'India'),
(26, 'Irán'),
(27, 'Irlanda'),
(28, 'España'),
(29, 'Italia'),
(30, 'Kazajstán'),
(31, 'Camerún'),
(32, 'Canadá'),
(33, 'Chipre'),
(34, 'Kirguistán'),
(35, 'China'),
(36, 'Costa Rica'),
(37, 'Kuwait'),
(38, 'Letonia'),
(39, 'Libia'),
(40, 'Lituania'),
(41, 'Luxemburgo'),
(42, 'México'),
(43, 'Moldavia'),
(44, 'Mónaco'),
(45, 'Nueva Zelanda'),
(46, 'Noruega'),
(47, 'Polonia'),
(48, 'Portugal'),
(49, 'Reunión'),
(50, 'Rusia'),
(51, 'El Salvador'),
(52, 'Eslovaquia'),
(53, 'Eslovenia'),
(54, 'Surinam'),
(55, 'Estados Unidos'),
(56, 'Tadjikistan'),
(57, 'Turkmenistan'),
(58, 'Islas Turcas y Caicos'),
(59, 'Turquía'),
(60, 'Uganda'),
(61, 'Uzbekistán'),
(62, 'Ucrania'),
(63, 'Finlandia'),
(64, 'Francia'),
(65, 'República Checa'),
(66, 'Suiza'),
(67, 'Suecia'),
(68, 'Estonia'),
(69, 'Corea del Sur'),
(70, 'Japón'),
(71, 'Croacia'),
(72, 'Rumanía'),
(73, 'Hong Kong'),
(74, 'Indonesia'),
(75, 'Jordania'),
(76, 'Malasia'),
(77, 'Singapur'),
(78, 'Taiwan'),
(79, 'Bosnia y Herzegovina'),
(80, 'Bahamas'),
(81, 'Chile'),
(82, 'Colombia'),
(83, 'Islandia'),
(84, 'Corea del Norte'),
(85, 'Macedonia'),
(86, 'Malta'),
(87, 'Pakistán'),
(88, 'Papúa-Nueva Guinea'),
(89, 'Perú'),
(90, 'Filipinas'),
(91, 'Arabia Saudita'),
(92, 'Tailandia'),
(93, 'Emiratos árabes Unidos'),
(94, 'Groenlandia'),
(95, 'Venezuela'),
(96, 'Zimbabwe'),
(97, 'Kenia'),
(98, 'Algeria'),
(99, 'Líbano'),
(100, 'Botsuana'),
(101, 'Tanzania'),
(102, 'Namibia'),
(103, 'Ecuador'),
(104, 'Marruecos'),
(105, 'Ghana'),
(106, 'Siria'),
(107, 'Nepal'),
(108, 'Mauritania'),
(109, 'Seychelles'),
(110, 'Paraguay'),
(111, 'Uruguay'),
(112, 'Congo (Brazzaville)'),
(113, 'Cuba'),
(114, 'Albania'),
(115, 'Nigeria'),
(116, 'Zambia'),
(117, 'Mozambique'),
(119, 'Angola'),
(120, 'Sri Lanka'),
(121, 'Etiopía'),
(122, 'Túnez'),
(123, 'Bolivia'),
(124, 'Panamá'),
(125, 'Malawi'),
(126, 'Liechtenstein'),
(127, 'Bahrein'),
(128, 'Barbados'),
(130, 'Chad'),
(131, 'Man, Isla de'),
(132, 'Jamaica'),
(133, 'Malí'),
(134, 'Madagascar'),
(135, 'Senegal'),
(136, 'Togo'),
(137, 'Honduras'),
(138, 'República Dominicana'),
(139, 'Mongolia'),
(140, 'Irak'),
(141, 'Sudáfrica'),
(142, 'Aruba'),
(143, 'Gibraltar'),
(144, 'Afganistán'),
(145, 'Andorra'),
(147, 'Antigua y Barbuda'),
(149, 'Bangladesh'),
(151, 'Benín'),
(152, 'Bután'),
(154, 'Islas Virgenes Británicas'),
(155, 'Brunéi'),
(156, 'Burkina Faso'),
(157, 'Burundi'),
(158, 'Camboya'),
(159, 'Cabo Verde'),
(164, 'Comores'),
(165, 'Congo (Kinshasa)'),
(166, 'Cook, Islas'),
(168, 'Costa de Marfil'),
(169, 'Djibouti, Yibuti'),
(171, 'Timor Oriental'),
(172, 'Guinea Ecuatorial'),
(173, 'Eritrea'),
(175, 'Feroe, Islas'),
(176, 'Fiyi'),
(178, 'Polinesia Francesa'),
(180, 'Gabón'),
(181, 'Gambia'),
(184, 'Granada'),
(185, 'Guatemala'),
(186, 'Guernsey'),
(187, 'Guinea'),
(188, 'Guinea-Bissau'),
(189, 'Guyana'),
(193, 'Jersey'),
(195, 'Kiribati'),
(196, 'Laos'),
(197, 'Lesotho'),
(198, 'Liberia'),
(200, 'Maldivas'),
(201, 'Martinica'),
(202, 'Mauricio'),
(205, 'Myanmar'),
(206, 'Nauru'),
(207, 'Antillas Holandesas'),
(208, 'Nueva Caledonia'),
(209, 'Nicaragua'),
(210, 'Níger'),
(212, 'Norfolk Island'),
(213, 'Omán'),
(215, 'Isla Pitcairn'),
(216, 'Qatar'),
(217, 'Ruanda'),
(218, 'Santa Elena'),
(219, 'San Cristobal y Nevis'),
(220, 'Santa Lucía'),
(221, 'San Pedro y Miquelón'),
(222, 'San Vincente y Granadinas'),
(223, 'Samoa'),
(224, 'San Marino'),
(225, 'San Tomé y Príncipe'),
(226, 'Serbia y Montenegro'),
(227, 'Sierra Leona'),
(228, 'Islas Salomón'),
(229, 'Somalia'),
(232, 'Sudán'),
(234, 'Swazilandia'),
(235, 'Tokelau'),
(236, 'Tonga'),
(237, 'Trinidad y Tobago'),
(239, 'Tuvalu'),
(240, 'Vanuatu'),
(241, 'Wallis y Futuna'),
(242, 'Sáhara Occidental'),
(243, 'Yemen'),
(246, 'Puerto Rico');

-- --------------------------------------------------------

--
-- Estructura de tabla para la tabla `permiso_hotel`
--

CREATE TABLE `permiso_hotel` (
  `consec` int(11) NOT NULL,
  `id_usuario` int(11) DEFAULT NULL,
  `id_hotel` int(11) DEFAULT NULL,
  `id_autor` int(11) DEFAULT NULL,
  `fecha_crea` timestamp NOT NULL DEFAULT CURRENT_TIMESTAMP,
  `activo` tinyint(1) DEFAULT '1'
) ENGINE=InnoDB DEFAULT CHARSET=utf8mb4;

--
-- Volcado de datos para la tabla `permiso_hotel`
--

INSERT INTO `permiso_hotel` (`consec`, `id_usuario`, `id_hotel`, `id_autor`, `fecha_crea`, `activo`) VALUES
(2, 1, 2, NULL, '2021-11-25 02:16:49', 1),
(3, 1, 3, NULL, '2021-11-25 02:16:50', 1),
(4, 1, 4, NULL, '2021-11-25 02:16:52', 1),
(5, 1, 5, NULL, '2021-11-25 02:16:53', 1),
(6, 1, 6, NULL, '2021-11-25 02:16:54', 1),
(7, 3, 2, NULL, '2021-11-25 02:17:23', 1),
(8, 3, 3, NULL, '2021-11-25 02:17:25', 1),
(9, 3, 4, NULL, '2021-11-25 02:17:26', 1),
(10, 3, 5, NULL, '2021-11-25 02:17:27', 1),
(11, 3, 6, NULL, '2021-11-25 02:17:30', 1),
(13, 3, 7, 3, '2021-11-25 15:39:21', 1),
(14, 1, 7, NULL, '2021-11-25 17:44:31', 1);

-- --------------------------------------------------------

--
-- Estructura de tabla para la tabla `planes`
--

CREATE TABLE `planes` (
  `id` int(11) NOT NULL,
  `nombre` varchar(255) DEFAULT NULL,
  `descripcion` varchar(255) DEFAULT NULL,
  `id_hotel` int(11) DEFAULT NULL,
  `id_autor` int(11) DEFAULT NULL,
  `fecha_crea` datetime DEFAULT CURRENT_TIMESTAMP,
  `activo` tinyint(1) DEFAULT '1'
) ENGINE=InnoDB DEFAULT CHARSET=utf8mb4;

--
-- Volcado de datos para la tabla `planes`
--

INSERT INTO `planes` (`id`, `nombre`, `descripcion`, `id_hotel`, `id_autor`, `fecha_crea`, `activo`) VALUES
(1, 'Plan Full', 'Tipo buffet internacional, Nacional y regional', 2, 3, '2021-08-31 01:05:08', 0),
(2, 'Plan Full', 'Tipo buffet internacional, Nacional y regional', 2, 3, '2021-08-31 01:18:51', 0),
(3, 'Plan Pam', 'Tipo buffet internacional, Nacional y regional', 2, 3, '2021-08-31 01:51:48', 0),
(4, 'Plan Pc', 'Tipo buffet internacional, Nacional y regional', 2, 3, '2021-08-31 01:52:30', 0),
(5, 'Tour Vip ', 'Salida: 9:30 am hasta 4:30 pm', 2, 3, '2021-08-31 02:06:55', 0),
(6, 'Plan Full', 'Tipo buffet internacional, Nacional y regional', 3, 3, '2021-08-31 07:21:32', 0),
(7, 'Plan Pam', 'Tipo buffet internacional, Nacional y regional', 3, 3, '2021-08-31 07:28:11', 0),
(8, 'Plan Pc', 'Tipo buffet internacional, Nacional y regional', 4, 3, '2021-08-31 07:36:01', 0),
(9, 'Plan Pc', 'Tipo buffet internacional, Nacional y regional', 5, 3, '2021-08-31 07:50:36', 0),
(10, 'Plan pc ', 'Tipo buffet  nacional e internacional ', 4, 3, '2021-09-06 10:35:16', 0),
(11, 'Habitación Suite ', 'Tipo bufet, regional, nacional e internacional ', 4, 3, '2021-09-06 13:25:44', 0),
(12, 'Habitación vista al mar - Plan Full ', 'Tipo buffet internacional, Nacional y regional', 2, 3, '2021-09-07 19:18:55', 0),
(13, 'Plan Full / Habitación Estándar', 'PLAN FULL\nDesayuno, almuerzo y cena;\nTipo buffet internacional, Nacional y regional\n\nHORARIO DE LAS COMIDAS \n\nDESAYUNO - 7:30 am 10:00 am	               /ALMUERZO - 12:30 a 2:30 pm	                  /CENA - 7:00 pm a 9:30 pm\n\n\n', 3, 3, '2021-09-22 15:32:56', 1),
(14, 'Habitacion Estandar - Plan Pam', 'Tipo buffet internacional, Nacional y regional', 3, 3, '2021-09-22 15:34:31', 0),
(15, 'Habitacion Estandar - Plan Pc', 'Tipo buffet internacional, Nacional y regional', 3, 3, '2021-09-22 15:34:58', 0),
(16, 'Habitacion Junior Suite - Plan Full', 'Tipo buffet internacional, Nacional y regional', 3, 3, '2021-09-22 15:36:41', 0),
(17, 'Habitacion Junior Suite - Plan Pam', 'Tipo buffet internacional, Nacional y regional', 3, 3, '2021-09-22 15:36:57', 0),
(18, 'Habitacion Junior Suite  - Plan Pc', 'Tipo buffet internacional, Nacional y regional', 3, 3, '2021-09-22 15:37:18', 0),
(19, 'Plan Pc', 'Tipo bufet', 5, 3, '2021-10-27 14:12:13', 0),
(20, '2 x1 plan full', 'tipo bufet', 4, 3, '2021-11-18 12:26:32', 0),
(21, 'Buceo', 'Duración de la actividad 4 horas aproximadamente.\n\nTe recogemos en el hotel, luego nos dirigimos a el lugar para la actividad, el instructor se toma 30 minutos para explica los conceptos y lenguajes básicos de buceo para principiantes, luego se hacen prue', 6, 3, '2021-11-22 15:16:52', 1),
(22, 'Mulita x2', 'Mulita automática, para 2 personas Max 2 adultos y 1 niño\n\nDuración del alquiler: \nde 9am a 6pm \n\nTERMINOS Y CONDICIONES \n1- Se debe tener licencia de conducir a la mano físico.\n2- La gasolina corre por cuenta del visitante, se gastan 20 mil pesos en todo', 6, 3, '2021-11-22 15:26:53', 1),
(23, 'Mulita x4 -5 pax ', 'Mulita automática, para 4 personas Max 4 adultos y 1 niño\n\nDuración del alquiler: \nde 9am a 6pm \n\nTERMINOS Y CONDICIONES \n1- Se debe tener licencia de conducir a la mano físico.\n2- La gasolina corre por cuenta del visitante, se gastan 20 mil pesos en todo', 6, 3, '2021-11-22 15:35:06', 1),
(24, 'Plan Pc / Hab Estandar', 'Tipo bufet regional, nacional e internacional. \n\n*Adicional en el hotel ofrecemos comida a la carta \npara el almuerzo y la cena*.', 5, 3, '2021-11-23 09:52:23', 1),
(25, 'Plan Pc / Hab vista al mar ', 'Tipo bufet regional, nacional e internacional. \n\n*Adicional en el hotel ofrecemos comida a la carta \npara el almuerzo y la cena*.', 5, 3, '2021-11-23 09:53:07', 1),
(26, 'Plan Pc / Hab Estándar ', 'Tipo bufet regional, nacional e internacional. \n\n*Adicional en el hotel ofrecemos comida a la carta \npara el almuerzo y la cena*.', 4, 3, '2021-11-23 11:23:16', 1),
(27, 'Plan Pc / Hab Suite', 'Tipo bufet regional, nacional e internacional. \n\n*Adicional en el hotel ofrecemos comida a la carta \npara el almuerzo y la cena*.', 4, 3, '2021-11-23 11:23:56', 1),
(28, 'Habitación Estándar / Plan Full', 'Desayuno, almuerzo y cena;\nTipo buffet internacional, Nacional y regional\n\nHORARIO DE LAS COMIDAS \n\nDESAYUNO: 7:30 am 10:00 am\nALMUERZO: 12:30 a 2:30 pm\nCENA: 7:00 pm a 9:30 pm\n		             \n', 3, 3, '2021-11-24 15:43:38', 0),
(29, 'Plan Pam / Habitación Estándar', 'PLAN PAM CON 2 COMIDAS\nDesayuno, almuerzo o cena;\nTipo buffet internacional, Nacional y regional\n\nHORARIO DE LAS COMIDAS \n\nDESAYUNO - 7:30 am 10:00 am\n/ALMUERZO - 12:30 a 2:30 pm\n/CENA - 7:00 pm a 9:30 pm', 3, 3, '2021-11-24 15:48:28', 1),
(30, 'Plan Pc / Habitación Estándar', 'PLAN PC CON DESAYUNO INCLUIDO\nDesayuno;\nTipo buffet internacional, Nacional y regional\n\nHORARIO DE LAS COMIDAS \n\nDESAYUNO - 7:30 am 10:00 am\n', 3, 3, '2021-11-24 15:49:12', 0),
(31, 'Plan Full / Habitación Junior Suite', 'PLAN FULL\nDesayuno, almuerzo y cena;\nTipo buffet internacional, Nacional y regional\n\nHORARIO DE LAS COMIDAS \n\nDESAYUNO - 7:30 am 10:00 am	\n/ALMUERZO - 12:30 a 2:30 pm	    \n/CENA - 7:00 pm a 9:30 pm', 3, 3, '2021-11-24 15:51:05', 1),
(32, 'Plan Pam / Habitación Junior Suite', 'PLAN PAM CON 2 COMIDAS\nDesayuno, almuerzo o cena;\nTipo buffet internacional, Nacional y regional\n\nHORARIO DE LAS COMIDAS \n\nDESAYUNO - 7:30 am 10:00 am\n/ALMUERZO - 12:30 a 2:30 pm\n/CENA - 7:00 pm a 9:30 pm', 3, 3, '2021-11-24 15:51:46', 1),
(33, 'Plan Pc / Habitación Junior Suite', 'PLAN PC CON DESAYUNO INCLUIDO\nDesayuno;\nTipo buffet internacional, Nacional y regional\n\nHORARIO DE LAS COMIDAS \n\nDESAYUNO - 7:30 am 10:00 am', 3, 3, '2021-11-24 15:52:45', 0),
(34, 'Plan Full / Habitación Estándar', 'PLAN FULL\nDesayuno, almuerzo y cena;\nTipo bufet internacional, Nacional y regional\n\nHORARIO DE LAS COMIDAS \n\nDESAYUNO - 7:30 am 10:00 am	\n/ALMUERZO - 12:30 a 2:30 pm	\n/CENA - 7:00 pm a 9:30 pm\n', 2, 3, '2021-11-24 16:53:51', 1),
(35, 'Plan Full / Habitación Vista al mar', 'PLAN FULL\nDesayuno, almuerzo y cena;\nTipo buffet internacional, Nacional y regional\n\nHORARIO DE LAS COMIDAS \n\nDESAYUNO - 7:30 am 10:00 am	\n/ALMUERZO - 12:30 a 2:30 pm	    \n/CENA - 7:00 pm a 9:30 pm', 2, 3, '2021-11-24 16:54:54', 1),
(36, 'Plan Pam / Habitación Estándar', 'PLAN PAM CON 2 COMIDAS\nDesayuno, almuerzo o cena;\nTipo bufet internacional, Nacional y regional\n\nHORARIO DE LAS COMIDAS \n\nDESAYUNO - 7:30 am 10:00 am\n/ALMUERZO - 12:30 a 2:30 pm\n/CENA - 7:00 pm a 9:30 pm', 2, 3, '2021-11-24 16:55:19', 1),
(37, 'Plan Pam / Habitación Vista al mar', 'PLAN PAM CON 2 COMIDAS\nDesayuno, almuerzo o cena;\nTipo bufet internacional, Nacional y regional\n\nHORARIO DE LAS COMIDAS \n\nDESAYUNO - 7:30 am 10:00 am\n/ALMUERZO - 12:30 a 2:30 pm\n/CENA - 7:00 pm a 9:30 pm', 2, 3, '2021-11-24 16:55:47', 1),
(38, 'Plan Full / Habitación Estándar', 'PLAN FULL\nTipo buffet.\n', 7, 3, '2021-11-25 10:44:22', 1),
(39, 'Plan Pam / Habitación Estándar', 'PLAN PAM - 2 comidas \nTipo buffet.\n', 7, 3, '2021-11-25 10:55:36', 1);

-- --------------------------------------------------------

--
-- Estructura de tabla para la tabla `productos`
--

CREATE TABLE `productos` (
  `id` int(11) NOT NULL,
  `nombre` varchar(255) DEFAULT NULL,
  `tipo` varchar(255) DEFAULT NULL,
  `id_hotel` int(11) DEFAULT NULL,
  `id_autor` int(11) DEFAULT NULL,
  `fecha_crea` datetime DEFAULT CURRENT_TIMESTAMP,
  `activo` tinyint(1) DEFAULT '1'
) ENGINE=InnoDB DEFAULT CHARSET=utf8mb4;

--
-- Volcado de datos para la tabla `productos`
--

INSERT INTO `productos` (`id`, `nombre`, `tipo`, `id_hotel`, `id_autor`, `fecha_crea`, `activo`) VALUES
(1, 'Desayuno ', 'CONSUMO', 0, 3, '2021-08-31 00:16:13', 1),
(2, 'Almuerzo ', 'CONSUMO', 0, 1, '2021-08-31 00:17:08', 1),
(3, 'Cena', 'CONSUMO', 1, 3, '2021-08-31 00:17:25', 1),
(4, 'Bar abierto', 'SERVICIOS', 0, 3, '2021-08-31 00:18:13', 1),
(5, '•Bar Abierto: 10:00 AM – 10:00 pm', 'SERVICIOS', 0, 3, '2021-08-31 00:18:44', 1),
(6, '•Snack: 10:00 AM –6:00 PM', 'SERVICIOS', 0, 3, '2021-08-31 00:18:59', 1),
(7, '•Shows Nocturno ', 'SERVICIOS', 0, 3, '2021-08-31 00:19:17', 1),
(8, '•Camisetas playeras', 'SERVICIOS', 0, 3, '2021-08-31 00:19:30', 1),
(9, '•Cocktails de Bienvenida', 'SERVICIOS', 0, 3, '2021-08-31 00:19:50', 1),
(10, '•Cocktails de Bienvenida', 'SERVICIOS', 0, 3, '2021-08-31 00:20:23', 1),
(11, '•Clase de Baile y Aeróbicos', 'SERVICIOS', 0, 3, '2021-08-31 00:20:50', 1),
(12, '•Toallas Playeras', 'SERVICIOS', 0, 3, '2021-08-31 00:21:05', 1),
(13, 'Desayuno, almuerzo y cena', 'CONSUMO', 0, 3, '2021-08-31 00:21:30', 1),
(14, 'Desayuno, Almuerzo o Cena', 'CONSUMO', 2, 3, '2021-08-31 01:50:29', 1),
(15, 'Jhonny cay, Acuario, Mantarrayas y Manglares. Recorrido realizado en cómodas y seguras embarcaciones acompañadas de un guía. Traslado al cayo Johnny Cay con permanencia hasta las 02:00 pm, para posterior traslado al cayo acuario, se realiza avistamiento d', 'CONSUMO', 2, 3, '2021-08-31 02:06:18', 1),
(16, 'Desayuno Almuerzo o Cena ', 'CONSUMO', 3, 3, '2021-08-31 07:27:37', 1),
(17, 'Plan Pam', 'CONSUMO', 0, 3, '2021-09-22 15:33:41', 1),
(18, 'Desayuno, Almuerzo o Cena ', 'SERVICIOS', 3, 3, '2021-09-22 15:34:19', 1),
(19, 'Buceo para principiantes ', 'CONSUMO', 6, 3, '2021-11-22 15:09:27', 1),
(20, 'Mulitas x2 pax', 'CONSUMO', 6, 3, '2021-11-22 15:20:54', 1),
(21, 'Mulita x4-5 pax', 'CONSUMO', 6, 3, '2021-11-22 15:33:08', 1),
(22, 'Licores a partir de las 2 pm a 8 pm (no cerverza )', 'CONSUMO', 7, 3, '2021-11-25 10:44:52', 1),
(23, 'Snack de 4 a 5 pm', 'CONSUMO', 7, 3, '2021-11-25 10:45:05', 1),
(24, 'cajilla de seguridad, toallas para la playa y piscina', 'SERVICIOS', 7, 3, '2021-11-25 10:45:18', 1),
(25, 'NO incluye: seguro hotelero $8.500 por noche por persona. Cualquier gasto no especificado. TARIFAS SUJETAS A CAMBIOS. ', 'SERVICIOS', 7, 3, '2021-11-25 10:45:37', 1),
(26, 'Alojamiento desayuno + cena ', 'CONSUMO', 7, 3, '2021-11-25 10:54:20', 1);

-- --------------------------------------------------------

--
-- Estructura de tabla para la tabla `tarifas`
--

CREATE TABLE `tarifas` (
  `id` int(11) NOT NULL,
  `nombre` varchar(255) DEFAULT NULL,
  `child` decimal(20,0) DEFAULT NULL,
  `adult_s` decimal(20,0) DEFAULT NULL,
  `adult_d` decimal(20,0) DEFAULT NULL,
  `adult_t_c` decimal(20,0) DEFAULT NULL,
  `id_plan` int(11) DEFAULT NULL,
  `id_hotel` int(11) DEFAULT NULL,
  `id_autor` int(11) DEFAULT NULL,
  `descripcion` text,
  `fecha_crea` datetime DEFAULT CURRENT_TIMESTAMP,
  `activo` tinyint(1) DEFAULT '1',
  `noches` tinyint(1) DEFAULT NULL
) ENGINE=InnoDB DEFAULT CHARSET=utf8mb4;

--
-- Volcado de datos para la tabla `tarifas`
--

INSERT INTO `tarifas` (`id`, `nombre`, `child`, `adult_s`, `adult_d`, `adult_t_c`, `id_plan`, `id_hotel`, `id_autor`, `descripcion`, `fecha_crea`, `activo`, `noches`) VALUES
(1, 'Temporada Baja 2020', 220000, 440000, 290000, 270000, 1, 2, 3, '16 Agosto - 15 Diciembre', '2021-08-31 01:06:46', 0, 1),
(2, 'Temporada Alta ', 256800, 577800, 342400, 321000, 1, 2, 3, '15 Diciembre - 20 Enero', '2021-08-31 01:22:38', 0, 1),
(3, 'Temporada Baja 2022', 250000, 470000, 320000, 300000, 1, 2, 3, '20 Enero - 9 Abril / 17 Abril - 15 Diciembre', '2021-08-31 01:47:39', 0, 1),
(4, 'Temporada Alta 2022', 287, 608, 372, 351, 1, 2, 3, '15 Diciembre - 20 Enero ', '2021-08-31 01:49:30', 0, 1),
(5, 'Temporada Baja 2021', 200000, 420000, 270000, 250000, 3, 2, 3, 'Dos comidas', '2021-08-31 01:54:12', 0, 1),
(6, 'Temporada Alta 2021', 219350, 556400, 321000, 290000, 3, 2, 3, '2 comidas', '2021-08-31 01:55:25', 0, 1),
(7, 'Temporada Baja 2021', 180000, 400000, 250000, 230000, 4, 2, 3, '31 Agosto - 15 Diciembre', '2021-08-31 01:59:17', 0, 1),
(8, 'Temporada Alta 2021', 216800, 537800, 302400, 281000, 4, 2, 3, '15 Diciembre - 20 Enero', '2021-08-31 02:02:12', 0, 1),
(9, 'Temporada Baja', 50000, 0, 50000, 0, 5, 2, 3, '', '2021-08-31 02:08:19', 0, 0),
(10, 'Temporada Baja 2021', 250000, 490000, 300000, 280000, 6, 3, 3, '31 Agosto - 15 Diciembre ', '2021-08-31 07:22:35', 0, 1),
(11, 'Temporada Alta 2021', 311000, 684800, 396000, 396000, 6, 3, 3, '15 Diciembre - 20 Enero', '2021-08-31 07:23:57', 0, 1),
(12, 'Temporada Baja 2022', 280000, 520000, 330000, 300000, 6, 3, 3, '15 enero - 10 abril ', '2021-08-31 07:25:06', 0, 1),
(13, 'Temporada Alta 2022', 341000, 714800, 426000, 426000, 6, 3, 3, '15 Diciembre - 15 Enero - 2023', '2021-08-31 07:26:38', 0, 1),
(14, 'Temporada Baja 2021', 230000, 480000, 290000, 270000, 7, 3, 3, '31 Agosto - 15 Diciembre', '2021-08-31 07:29:18', 0, 1),
(15, 'Temporada Alta 2021', 289000, 664000, 375000, 375000, 7, 3, 3, '15 Diciembre - 15 Enero  ', '2021-08-31 07:30:34', 0, 1),
(16, 'Temporada Baja 2021', 172000, 344000, 172000, 0, 8, 4, 3, '31 Agosto - 15 Diciembre', '2021-08-31 07:37:30', 0, 1),
(17, 'Temporada Alta 2021', 187000, 374000, 187000, 0, 8, 4, 3, '15 diciembre - 15 enero', '2021-08-31 07:38:58', 0, 1),
(18, 'Temporada Baja 2022', 202000, 404000, 202000, 0, 8, 4, 3, '15 enero - 9 abril', '2021-08-31 07:39:56', 0, 1),
(19, 'Temporada Alta 2022', 217000, 540000, 217000, 0, 8, 4, 3, '15 diciembre - 15 enero', '2021-08-31 07:42:03', 0, 1),
(20, 'Temporada Baja 2021 - Junior Suite', 272000, 544000, 272000, 0, 8, 4, 3, 'Hab Junior Suite', '2021-08-31 07:43:45', 0, 1),
(21, 'Temporada Alta 2021 - Junior Suite', 287000, 574000, 287000, 0, 8, 4, 3, 'Junior Suite', '2021-08-31 07:44:53', 0, 1),
(22, 'Temporada Baja 2022 - Junior Suite', 302000, 604000, 302000, 0, 8, 4, 3, '15 enero - 9 abril', '2021-08-31 07:46:55', 0, 1),
(23, 'Temporada Alta 2022 - Junior Suite', 317000, 634000, 317000, 0, 8, 4, 3, '15 diciembre - 15 enero', '2021-08-31 07:48:50', 0, 1),
(24, 'Temporada Baja 2021', 152000, 304000, 152000, 0, 9, 5, 3, '31 agosto - 15 diciembre', '2021-08-31 07:52:04', 0, 1),
(25, 'Temporada Alta 2021', 167000, 334000, 167000, 0, 9, 5, 3, '15 diciembre - 15 enero', '2021-08-31 07:53:02', 0, 1),
(26, 'Temporada Baja 2022', 182000, 364000, 182000, 0, 9, 5, 3, '15 enero - 09 abril', '2021-08-31 07:54:23', 0, 1),
(27, 'Temporada Alta 2022', 197000, 394000, 197000, 0, 9, 5, 3, '10 abril - 16 abril / 15 diciembre -15 enero', '2021-08-31 07:55:42', 0, 1),
(28, 'Temporada Baja 2021', 272000, 544000, 272000, 0, 11, 4, 3, '', '2021-09-06 13:31:55', 0, 1),
(29, 'Temporada Alta 2021', 287000, 574000, 287000, 0, 11, 4, 3, '', '2021-09-06 13:32:57', 0, 1),
(30, 'Temporada baja 2022', 302000, 604000, 302000, 0, 11, 4, 3, '', '2021-09-06 13:33:53', 0, 1),
(31, 'Temporada Alta 2022', 317000, 634000, 317000, 0, 11, 4, 3, '', '2021-09-06 13:34:48', 0, 1),
(32, 'Temporada Baja 2022', 320000, 540000, 390000, 300000, 12, 2, 3, '', '2021-09-07 19:23:54', 0, 1),
(33, 'Temporada Baja 2022.', 320000, 540000, 390000, 370000, 12, 2, 3, '', '2021-09-07 19:26:45', 0, 1),
(34, 'Temp Baja 2022', 320000, 540000, 390000, 370000, 12, 2, 3, 'a', '2021-09-07 19:28:38', 0, 1),
(35, 'Tempora Baja 2021 ', 250000, 490000, 300000, 280000, 13, 3, 3, '', '2021-09-22 15:38:52', 0, 1),
(36, 'Temporada Alta 2021', 311000, 684800, 396000, 396000, 13, 3, 3, '', '2021-09-22 15:39:50', 0, 1),
(37, 'Temporada Baja 2021', 230000, 470000, 280000, 260000, 14, 3, 3, '', '2021-09-22 15:40:45', 0, 1),
(38, 'Temporada Alta 2021 ', 289000, 664000, 376000, 376000, 14, 3, 3, '', '2021-09-22 15:41:59', 0, 1),
(39, 'Temporada Baja 2021', 210000, 450000, 260000, 260000, 15, 3, 3, '', '2021-09-22 15:43:01', 0, 1),
(40, 'Temporada Alta 2021', 271000, 644800, 356000, 356000, 15, 3, 3, '', '2021-09-22 15:44:06', 0, 1),
(41, 'Temporada Baja 2021', 330000, 570000, 380000, 360000, 16, 3, 3, '', '2021-09-22 15:45:31', 0, 1),
(42, 'Temporada Alta 2021', 391000, 764800, 476000, 476000, 16, 3, 3, '', '2021-09-22 15:47:03', 0, 1),
(43, 'Temporada Baja 2021', 310000, 550000, 360000, 360000, 17, 3, 3, '', '2021-09-22 15:50:20', 0, 1),
(44, 'Temporada Alta 2021', 371000, 744000, 456000, 456000, 17, 3, 3, '', '2021-09-22 15:52:01', 0, 1),
(45, 'Temporada Baja 2021', 290000, 436000, 340000, 340000, 18, 3, 3, '', '2021-09-22 15:56:29', 0, 1),
(46, 'Temporada Alta 2021', 351000, 724800, 436000, 436000, 18, 3, 3, '', '2021-09-22 15:58:24', 0, 1),
(47, 'Temporada Baja 2022', 280000, 520000, 330000, 330000, 13, 3, 3, '', '2021-09-22 16:00:36', 0, 1),
(48, 'Temporada Alta 2022', 341000, 714800, 426000, 426000, 13, 3, 3, '', '2021-09-22 16:02:12', 0, 1),
(49, 'Temporada Baja 2022', 260000, 500000, 310000, 310000, 14, 3, 3, '', '2021-09-22 16:03:51', 0, 1),
(50, 'Temporada Alta 2022', 321000, 694800, 406000, 406000, 14, 3, 3, '', '2021-09-22 16:06:01', 0, 1),
(51, 'Temporada Baja 2022', 360000, 600000, 410000, 410000, 16, 3, 3, '', '2021-09-22 16:08:53', 0, 1),
(52, 'Temporada Alta 2022', 421000, 794800, 506000, 506000, 16, 3, 3, '', '2021-09-22 16:10:28', 0, 1),
(53, 'Temporada Baja 2022', 340000, 590000, 400000, 380000, 17, 3, 3, '', '2021-09-22 16:13:59', 0, 1),
(54, 'Temporada Alta 2022', 399000, 774000, 485000, 485000, 17, 3, 3, '', '2021-09-22 16:15:34', 0, 1),
(55, 'temporada baja 2022', 150000, 340000, 290000, 250000, 20, 4, 3, '', '2021-11-18 12:28:14', 0, 1),
(56, 'temporada alta 2023', 190000, 500000, 290000, 250000, 1, 2, 3, '', '2021-11-18 17:12:21', 0, 1),
(57, '2021', 120000, 120000, 120000, 120000, 21, 6, 3, 'buceo para principiantes. ', '2021-11-22 15:18:28', 0, 0),
(58, '2021', 0, 0, 90000, 0, 22, 6, 3, 'mulita x2 pax', '2021-11-22 15:28:03', 0, 0),
(59, 'Entre semana', 0, 0, 0, 65000, 23, 6, 3, 'mulita x5 pax', '2021-11-22 15:35:44', 1, 0),
(60, 'Baja 2021', 135000, 270000, 135000, 0, 24, 5, 3, '1 julio- 16 enero / 19 diciembre 2022 (excepto semana santa)', '2021-11-23 10:00:50', 1, 1),
(61, 'Baja 2022', 135000, 270000, 135000, 0, 24, 5, 3, '1 julio - 19 diciembre / 16 enero - 19 diciembre 2022', '2021-11-23 10:02:21', 1, 1),
(62, 'Alta 2021', 160000, 320000, 160000, 0, 24, 5, 3, '25 diciembre - 15 enero / 10 abril - 16 abril', '2021-11-23 10:05:17', 1, 1),
(63, 'Alta 2022', 160000, 320000, 160000, 0, 24, 5, 3, '25 diciembre - 15 enero / 1 abril - 10 abril', '2021-11-23 10:06:42', 1, 1),
(64, 'Baja 2021', 150000, 300000, 150000, 0, 25, 5, 3, '', '2021-11-23 10:11:46', 1, 1),
(65, 'Alta 2021', 170000, 340000, 170000, 0, 25, 5, 3, '', '2021-11-23 10:12:51', 1, 1),
(66, 'Alta 2022', 170000, 340000, 170000, 0, 25, 5, 3, '', '2021-11-23 10:14:13', 1, 1),
(67, 'Baja 2022', 135000, 270000, 135000, 0, 25, 5, 3, '', '2021-11-23 10:16:24', 1, 1),
(68, 'Baja (USD)', 45, 90, 45, 0, 24, 5, 3, '', '2021-11-23 10:52:56', 1, 1),
(69, 'Alta (USD)', 54, 107, 54, 0, 24, 5, 3, '', '2021-11-23 10:56:57', 1, 1),
(70, 'Alta (USD)', 57, 114, 57, 0, 25, 5, 3, '', '2021-11-23 10:57:50', 1, 1),
(71, 'Baja (USD)', 50, 100, 50, 0, 25, 5, 3, '', '2021-11-23 10:58:57', 1, 1),
(72, 'Baja 2021', 202000, 374000, 202000, 0, 26, 4, 3, '', '2021-11-23 11:44:21', 1, 1),
(73, 'Alta 2021', 217000, 404000, 217000, 0, 26, 4, 3, '', '2021-11-23 11:44:57', 1, 1),
(74, 'Baja 2021', 302000, 574000, 302000, 0, 27, 4, 3, '', '2021-11-23 11:45:36', 1, 1),
(75, 'Alta 2021', 317000, 604000, 317000, 0, 27, 4, 3, '', '2021-11-23 11:46:08', 1, 1),
(76, 'Baja 2022', 240750, 481500, 240750, 0, 26, 4, 3, '', '2021-11-23 11:51:52', 1, 1),
(77, 'Alta 2022', 90, 179, 90, 0, 26, 4, 3, '', '2021-11-23 11:52:29', 1, 1),
(78, 'Baja 2022', 347750, 695500, 347750, 0, 27, 4, 3, '', '2021-11-23 11:53:13', 1, 1),
(79, 'Alta 2022', 134, 268, 134, 0, 27, 4, 3, '', '2021-11-23 11:53:43', 1, 1),
(80, 'Baja 2021 (USD)', 68, 125, 68, 0, 26, 4, 3, '', '2021-11-23 11:58:59', 1, 1),
(81, 'Baja 2021 (USD)', 101, 192, 101, 0, 27, 4, 3, '', '2021-11-23 12:00:00', 1, 1),
(82, 'Alta 2021 (USD)', 100, 200, 100, 0, 26, 4, 3, '', '2021-11-23 12:01:55', 1, 1),
(83, 'Alta 2021 (USD)', 106, 202, 106, 0, 27, 4, 3, '', '2021-11-23 12:04:59', 1, 1),
(84, 'Baja 2022 (USD)', 81, 161, 81, 0, 26, 4, 3, '', '2021-11-23 12:09:02', 1, 1),
(85, 'Alta 2022 (USD)', 90, 179, 90, 0, 26, 4, 3, '', '2021-11-23 12:09:58', 1, 1),
(86, 'Baja 2022 (USD)', 116, 232, 116, 0, 27, 4, 3, '', '2021-11-23 12:10:58', 1, 1),
(87, 'Alta 2022 (USD)', 116, 232, 116, 0, 27, 4, 3, '', '2021-11-23 12:11:46', 1, 1),
(88, 'Baja 2021', 250000, 490000, 300000, 280000, 13, 3, 3, '', '2021-11-24 16:02:29', 1, 1),
(89, 'Baja 2021', 311000, 684800, 396000, 396000, 31, 3, 3, '', '2021-11-24 16:03:55', 1, 1),
(90, 'Baja 2021', 230000, 480000, 290000, 270000, 29, 3, 3, '', '2021-11-24 16:07:10', 1, 1),
(91, 'Baja 2021', 289000, 664000, 375000, 375000, 32, 3, 3, '', '2021-11-24 16:08:03', 1, 1),
(92, 'Baja 2022', 280000, 520000, 330000, 310000, 13, 3, 3, '', '2021-11-24 16:09:14', 1, 1),
(93, 'Baja 2022', 370000, 610000, 420000, 400000, 31, 3, 3, '', '2021-11-24 16:12:35', 1, 1),
(94, 'Baja 2022', 260000, 510000, 320000, 300000, 29, 3, 3, '', '2021-11-24 16:14:22', 1, 1),
(95, 'Baja 2022', 350000, 600000, 410000, 390000, 32, 3, 3, '', '2021-11-24 16:19:26', 1, 1),
(96, 'Alta 2021', 311000, 684800, 396000, 396000, 13, 3, 3, '', '2021-11-24 16:30:34', 1, 1),
(97, 'Alta 2021', 289000, 664000, 375000, 375000, 29, 3, 3, '', '2021-11-24 16:31:01', 1, 1),
(98, 'Alta 2021', 401000, 774800, 486000, 486000, 31, 3, 3, '', '2021-11-24 16:32:44', 1, 1),
(99, 'Alta 2021', 379000, 754000, 465000, 465000, 32, 3, 3, '', '2021-11-24 16:34:54', 1, 1),
(100, 'Alta 2022', 341000, 714800, 426000, 426000, 13, 3, 3, '', '2021-11-24 16:39:17', 1, 1),
(101, 'Alta 2022', 319000, 694000, 405000, 405000, 29, 3, 3, '', '2021-11-24 16:39:43', 1, 1),
(102, 'Alta 2022', 421000, 795, 506000, 506000, 31, 3, 3, '', '2021-11-24 16:42:35', 1, 1),
(103, 'Alta 2022', 399000, 774000, 485000, 485000, 32, 3, 3, '', '2021-11-24 16:43:24', 1, 1),
(104, 'Baja 2021', 22000, 440000, 290000, 270000, 34, 2, 3, '', '2021-11-24 16:58:45', 1, 1),
(105, 'Baja 2021', 200000, 420000, 280000, 260000, 36, 2, 3, '', '2021-11-24 16:59:21', 1, 1),
(106, 'Baja 2021', 300000, 520000, 370000, 350000, 35, 2, 3, '', '2021-11-24 17:00:35', 1, 1),
(107, 'Baja 2021', 280000, 500000, 360000, 340000, 37, 2, 3, '', '2021-11-24 17:02:00', 1, 1),
(108, 'Alta 2021', 256800, 577800, 342400, 342400, 34, 2, 3, '', '2021-11-24 17:06:04', 1, 1),
(109, 'Alta 2021', 219350, 556400, 321000, 290600, 36, 2, 3, '', '2021-11-24 17:06:37', 1, 1),
(110, 'Alta 2021', 336800, 657000, 422400, 401000, 35, 2, 3, '', '2021-11-24 17:08:28', 1, 1),
(111, 'Alta 2021', 299350, 636400, 401000, 371, 37, 2, 3, '', '2021-11-24 17:10:38', 1, 1),
(112, 'Baja 2022', 250000, 470000, 320000, 300000, 34, 2, 3, '', '2021-11-24 17:12:13', 1, 1),
(113, 'Baja 2022', 230000, 450000, 310000, 290000, 36, 2, 3, '', '2021-11-24 17:12:39', 1, 1),
(114, 'Baja 2022', 330000, 550000, 400000, 380000, 35, 2, 3, '', '2021-11-24 17:14:02', 1, 1),
(115, 'Baja 2022', 310000, 530000, 390000, 370000, 37, 2, 3, '', '2021-11-24 17:15:08', 1, 1),
(116, 'Alta 2022', 286800, 607800, 372400, 351000, 34, 2, 3, '', '2021-11-24 17:18:23', 1, 1),
(117, 'Alta 2022', 249350, 586400, 351000, 320600, 36, 2, 3, '', '2021-11-24 17:18:48', 1, 1),
(118, 'Alta 2022', 366800, 666400, 452400, 431000, 35, 2, 3, '', '2021-11-24 17:20:08', 1, 1),
(119, 'Alta 2022', 329000, 666400, 431000, 401000, 37, 2, 3, '', '2021-11-24 17:22:07', 1, 1),
(120, 'Entre semana', 90000, 0, 90000, 0, 22, 6, 3, 'mulita x2 pax', '2021-11-24 17:55:14', 1, 0),
(121, 'Fin de semana', 100000, 0, 100000, 0, 22, 6, 3, 'mulita x2 pax', '2021-11-24 17:55:51', 1, 0),
(122, 'Fin de semana', 70000, 0, 0, 70000, 23, 6, 3, 'mulita x5 pax', '2021-11-24 17:58:52', 1, 0),
(123, 'Baja 2022', 224000, 447000, 270000, 248000, 38, 7, 3, 'Enero 20 hasta Junio 30 de 2022 ( excepto semana santa)', '2021-11-25 10:50:21', 1, 1),
(124, 'Alta 2022', 256000, 531000, 321600, 302000, 38, 7, 3, 'DICIEMBRE 20 DE 209221 HASTA ENERO 20 DE 2022 Y SEMANA SANTA ', '2021-11-25 10:52:58', 1, 1),
(125, 'Baja 2022', 182000, 349, 226800, 196000, 39, 7, 3, 'enero 20 - hasta junio 30 de 2022 (excepto semana santa)', '2021-11-25 10:58:00', 1, 1),
(126, 'Alta 2022', 208800, 433200, 261600, 246000, 39, 7, 3, 'DICIEMBRE 20 DE 209221 HASTA ENERO 20 DE 2022 Y SEMANA SANTA ', '2021-11-25 11:00:01', 1, 1),
(127, 'Baja 2022 (USD)', 84, 157, 107, 100, 34, 2, 3, '', '2021-11-26 10:20:31', 1, 1),
(128, 'Baja 2022 (USD)', 77, 150, 104, 97, 36, 2, 3, '', '2021-11-26 10:21:13', 1, 1),
(129, 'Alta 2022 (USD)', 96, 203, 125, 117, 34, 2, 3, '', '2021-11-26 10:23:51', 1, 1),
(130, 'Alta 2022 (USD)', 84, 196, 117, 107, 36, 2, 3, '', '2021-11-26 10:25:38', 1, 1),
(131, 'Baja 2022 (USD)', 110, 184, 134, 127, 35, 2, 3, '', '2021-11-26 10:32:31', 1, 1),
(132, 'Baja 2022 (USD)', 77, 150, 104, 97, 37, 2, 3, '', '2021-11-26 10:37:57', 1, 1),
(133, 'Alta 2022 (USD)', 123, 230, 151, 144, 35, 2, 3, '', '2021-11-26 10:48:02', 1, 1),
(134, 'Alta 2022 (USD)', 110, 223, 144, 134, 37, 2, 3, '', '2021-11-26 11:24:08', 1, 1);

-- --------------------------------------------------------

--
-- Estructura de tabla para la tabla `terminos_condiciones`
--

CREATE TABLE `terminos_condiciones` (
  `id` int(11) NOT NULL,
  `titulo` varchar(100) DEFAULT NULL,
  `descripcion` text,
  `id_hotel` int(11) DEFAULT NULL,
  `id_autor` int(11) DEFAULT NULL,
  `fecha_crea` timestamp NOT NULL DEFAULT CURRENT_TIMESTAMP,
  `activo` tinyint(1) DEFAULT '1'
) ENGINE=InnoDB DEFAULT CHARSET=utf8mb4;

--
-- Volcado de datos para la tabla `terminos_condiciones`
--

INSERT INTO `terminos_condiciones` (`id`, `titulo`, `descripcion`, `id_hotel`, `id_autor`, `fecha_crea`, `activo`) VALUES
(1, 'TÉRMINOS Y CONDICIONES', 'TÉRMINOS Y CONDICIONES\n 1. NÚMERO DE OCUPANTES: La Habitación salvo acuerdo expreso, sólo podrá ser utilizado por el número de personas indicado en la\nconfirmación de la reserva. Este no podrá exceder del número asignado y previsto para cada habitación\n2. REQUISITOS DE IDENTIFICACIÓN: El contratante deberá enviarnos todos (incluyendo niños) los nombres de las personas que se\nalojaran en nuestros hoteles con su respectivo documento de Identidad vigente que puede ser Cédula de Ciudadanía\nColombiana, Cédula de Extranjería o Pasaporte vigentes\n3. PRECIOS: Los precios de las Habitaciones dependen del número de personas. La estancia mínima es de 3 noches, exceptuando fechas\nespeciales en que esa estancia mínima se puede incrementar. VALORES SUJETOS A TEMPORADA.\n4. FORMA DE PAGO: Para realizar su reserva se exigirá el 100% del total, deberá ser pagado en su totalidad en efectivo o con tarjeta de\ncrédito. Tenga en cuenta que, en caso de confirmarle disponibilidad, para garantizar su reserva, deberá efectuar el pago inmediato en\nefectivo o consignando en nuestra Cuenta Bancaria; TODOS LOS GASTOS GENERADOS POR TRANSFERENCIAS BANCARIAS SERÁN\nASUMIDOS POR EL CONTRATANTE.\n5. CHECK IN: A PARTIR DE LAS 3 P.M. O ANTES DEPENDIENDO DE LA DISPONIBILIDAD DE LA HABTACION\n6. CHECK OUT: DEBERÁ REALIZARSE ANTES DE LA 1:00 P.M. DE LO CONTRARIO SE GENERARÁ UNA NOCHE MÁS CON COSTO ADICIONAL.\nSOLICITAMOS A NUESTROS HUÉSPEDES HACER ENTREGA LA HABITACION EN LAS MISMAS CONDICIONES EN QUE FUE RECIBIDO Y\nRECOMENDAMOS EL BUEN USO DE TODOS LOS IMPLEMENTOS QUE EN ELLA ENCUENTRE.\n7. DAÑOS: Deberán ser informados y pagados antes de abandonar el inmueble.\n8. CANCELACIÓN DE RESERVAS: Para CANCELAR una reserva aplica una penalización la cual será equivalente al valor de una noche de\nestancia en el inmueble; para cualquier tipo de cancelación se solicita avisar con un mínimo de 7 días, el resto del depósito quedara\npara una próxima reserva. Si cancela su reserva en menos del tiempo establecido deberá pagara un recargo adicional. 9. CAMBIO DE FECHA EN SU RESERVA: Todas nuestras habitaciones están sujeto a disponibilidad; Puede que la habitación que usted haya\nreservado anteriormente no esté disponible para la nueva fecha, de ser así; será cambiado para una habitación con las mismas\ncondiciones del requerido anteriormente. El cambio de fecha en la reserva podría acarrear un recargo, dependiendo de la temporada.\n10. ESTADÍAS LARGAS: Tarifas preferenciales con descuento cuando su estadía sea superior a los 15 días o el mes.\n11. NORMAS DE CONVIVENCIA: Solicitamos respetar y acatar las normas de convivencia del hotel, para preservar el buen ambiente que\nusted y todos los demás residentes se merecen\n12. De acuerdo A lo dispuesto en el artículo 17 de la ley 679 de 2001 y la resolución 3840 de 2009; Se rechaza todas las formas de\nexplotación, pornografía, violencia, turismo sexual y demás formas del abuso a menores de edad.\n13. EL TITULAR DE LA RESERVA DE INFORMAR A TODOS SUS ACOMPAÑANTES SOBRE LOS TÉRMINOS ANTERIORMENTE MENCIONADOS.\n14. El hecho de haber realizado una reserva implica la aceptación de los términos condiciones del servicio.', 1, 1, '2021-08-31 03:50:11', 1),
(2, '', 'Duración del alquiler: \nde 9am a 6pm \n\nTERMINOS Y CONDICIONES \n1- Se debe tener licencia de conducir a la mano físico.\n2- La gasolina corre por cuenta del visitante, se gastan 20 mil pesos en todo el día de uso del carrito. \n3- Se debe realizar un deposito de 50 mil pesos como seguro que la mulita se recibe a la hora pactada y con la gasolina que usted la recibe.\n', NULL, 3, '2021-11-22 20:40:38', 1);

-- --------------------------------------------------------

--
-- Estructura de tabla para la tabla `tipo_plan`
--

CREATE TABLE `tipo_plan` (
  `id` int(11) NOT NULL,
  `id_plan` int(11) DEFAULT NULL,
  `id_producto` int(11) DEFAULT NULL,
  `id_autor` int(11) DEFAULT NULL,
  `fecha_crea` datetime DEFAULT CURRENT_TIMESTAMP,
  `activo` tinyint(1) DEFAULT '1'
) ENGINE=InnoDB DEFAULT CHARSET=utf8mb4;

--
-- Volcado de datos para la tabla `tipo_plan`
--

INSERT INTO `tipo_plan` (`id`, `id_plan`, `id_producto`, `id_autor`, `fecha_crea`, `activo`) VALUES
(1, 1, 5, NULL, '2021-08-31 01:05:08', 1),
(2, 1, 6, NULL, '2021-08-31 01:05:08', 1),
(3, 1, 7, NULL, '2021-08-31 01:05:08', 1),
(4, 1, 8, NULL, '2021-08-31 01:05:08', 1),
(5, 1, 9, NULL, '2021-08-31 01:05:08', 1),
(6, 1, 11, NULL, '2021-08-31 01:05:08', 1),
(7, 1, 12, NULL, '2021-08-31 01:05:08', 1),
(8, 1, 13, NULL, '2021-08-31 01:05:08', 1),
(9, 2, 5, NULL, '2021-08-31 01:18:51', 1),
(10, 2, 6, NULL, '2021-08-31 01:18:51', 1),
(11, 2, 7, NULL, '2021-08-31 01:18:51', 1),
(12, 2, 8, NULL, '2021-08-31 01:18:51', 1),
(13, 2, 9, NULL, '2021-08-31 01:18:51', 1),
(14, 2, 11, NULL, '2021-08-31 01:18:51', 1),
(15, 2, 12, NULL, '2021-08-31 01:18:51', 1),
(16, 2, 13, NULL, '2021-08-31 01:18:51', 1),
(17, 3, 14, NULL, '2021-08-31 01:51:48', 1),
(18, 4, 1, NULL, '2021-08-31 01:52:30', 1),
(19, 5, 15, NULL, '2021-08-31 02:06:55', 1),
(20, 6, 5, NULL, '2021-08-31 07:21:32', 1),
(21, 6, 6, NULL, '2021-08-31 07:21:32', 1),
(22, 6, 7, NULL, '2021-08-31 07:21:32', 1),
(23, 6, 8, NULL, '2021-08-31 07:21:32', 1),
(24, 6, 10, NULL, '2021-08-31 07:21:32', 1),
(25, 6, 12, NULL, '2021-08-31 07:21:32', 1),
(26, 6, 13, NULL, '2021-08-31 07:21:32', 1),
(27, 7, 16, NULL, '2021-08-31 07:28:11', 1),
(28, 8, 1, NULL, '2021-08-31 07:36:01', 1),
(29, 9, 1, NULL, '2021-08-31 07:50:36', 1),
(30, 10, 1, NULL, '2021-09-06 10:35:16', 1),
(31, 11, 1, NULL, '2021-09-06 13:25:44', 1),
(32, 12, 5, NULL, '2021-09-07 19:18:55', 1),
(33, 12, 6, NULL, '2021-09-07 19:18:55', 1),
(34, 12, 7, NULL, '2021-09-07 19:18:55', 1),
(35, 12, 8, NULL, '2021-09-07 19:18:55', 1),
(36, 12, 9, NULL, '2021-09-07 19:18:55', 1),
(37, 12, 11, NULL, '2021-09-07 19:18:55', 1),
(38, 12, 12, NULL, '2021-09-07 19:18:55', 1),
(39, 12, 13, NULL, '2021-09-07 19:18:55', 1),
(40, 13, 5, NULL, '2021-09-22 15:32:56', 1),
(41, 13, 6, NULL, '2021-09-22 15:32:56', 1),
(42, 13, 7, NULL, '2021-09-22 15:32:56', 1),
(43, 13, 8, NULL, '2021-09-22 15:32:56', 1),
(44, 13, 9, NULL, '2021-09-22 15:32:56', 1),
(46, 13, 11, NULL, '2021-09-22 15:32:56', 1),
(47, 13, 12, NULL, '2021-09-22 15:32:56', 1),
(48, 13, 13, NULL, '2021-09-22 15:32:56', 1),
(49, 14, 16, NULL, '2021-09-22 15:34:31', 1),
(50, 15, 1, NULL, '2021-09-22 15:34:58', 1),
(51, 16, 5, NULL, '2021-09-22 15:36:41', 1),
(52, 16, 6, NULL, '2021-09-22 15:36:41', 1),
(53, 16, 7, NULL, '2021-09-22 15:36:41', 1),
(54, 16, 8, NULL, '2021-09-22 15:36:41', 1),
(55, 16, 9, NULL, '2021-09-22 15:36:41', 1),
(56, 16, 10, NULL, '2021-09-22 15:36:41', 1),
(57, 16, 11, NULL, '2021-09-22 15:36:41', 1),
(58, 16, 12, NULL, '2021-09-22 15:36:41', 1),
(59, 16, 13, NULL, '2021-09-22 15:36:41', 1),
(60, 17, 16, NULL, '2021-09-22 15:36:57', 1),
(61, 18, 1, NULL, '2021-09-22 15:37:18', 1),
(62, 19, 1, NULL, '2021-10-27 14:12:13', 1),
(63, 20, 5, NULL, '2021-11-18 12:26:32', 1),
(64, 20, 6, NULL, '2021-11-18 12:26:32', 1),
(65, 20, 7, NULL, '2021-11-18 12:26:32', 1),
(66, 20, 8, NULL, '2021-11-18 12:26:32', 1),
(67, 20, 9, NULL, '2021-11-18 12:26:32', 1),
(68, 21, 19, NULL, '2021-11-22 15:16:52', 1),
(69, 22, 20, NULL, '2021-11-22 15:26:53', 1),
(70, 23, 21, NULL, '2021-11-22 15:35:06', 1),
(71, 24, 1, NULL, '2021-11-23 09:52:23', 1),
(72, 25, 1, NULL, '2021-11-23 09:53:07', 1),
(73, 26, 1, NULL, '2021-11-23 11:23:16', 1),
(74, 27, 1, NULL, '2021-11-23 11:23:56', 1),
(75, 28, 5, NULL, '2021-11-24 15:43:38', 1),
(76, 28, 6, NULL, '2021-11-24 15:43:38', 1),
(77, 28, 7, NULL, '2021-11-24 15:43:38', 1),
(78, 28, 10, NULL, '2021-11-24 15:43:38', 1),
(79, 28, 11, NULL, '2021-11-24 15:43:38', 1),
(80, 28, 12, NULL, '2021-11-24 15:43:38', 1),
(81, 29, 16, NULL, '2021-11-24 15:48:28', 1),
(82, 30, 1, NULL, '2021-11-24 15:49:12', 1),
(83, 31, 5, NULL, '2021-11-24 15:51:05', 1),
(84, 31, 6, NULL, '2021-11-24 15:51:05', 1),
(85, 31, 7, NULL, '2021-11-24 15:51:05', 1),
(86, 31, 8, NULL, '2021-11-24 15:51:05', 1),
(87, 31, 10, NULL, '2021-11-24 15:51:05', 1),
(88, 31, 11, NULL, '2021-11-24 15:51:05', 1),
(89, 31, 12, NULL, '2021-11-24 15:51:05', 1),
(90, 31, 13, NULL, '2021-11-24 15:51:05', 1),
(91, 32, 16, NULL, '2021-11-24 15:51:46', 1),
(92, 33, 1, NULL, '2021-11-24 15:52:45', 1),
(93, 34, 5, NULL, '2021-11-24 16:53:51', 1),
(94, 34, 6, NULL, '2021-11-24 16:53:51', 1),
(95, 34, 7, NULL, '2021-11-24 16:53:51', 1),
(96, 34, 8, NULL, '2021-11-24 16:53:51', 1),
(97, 34, 10, NULL, '2021-11-24 16:53:51', 1),
(98, 34, 11, NULL, '2021-11-24 16:53:51', 1),
(99, 34, 12, NULL, '2021-11-24 16:53:51', 1),
(100, 34, 13, NULL, '2021-11-24 16:53:51', 1),
(101, 35, 5, NULL, '2021-11-24 16:54:54', 1),
(102, 35, 6, NULL, '2021-11-24 16:54:54', 1),
(103, 35, 7, NULL, '2021-11-24 16:54:54', 1),
(104, 35, 8, NULL, '2021-11-24 16:54:54', 1),
(105, 35, 9, NULL, '2021-11-24 16:54:54', 1),
(106, 35, 11, NULL, '2021-11-24 16:54:54', 1),
(107, 35, 12, NULL, '2021-11-24 16:54:54', 1),
(108, 35, 13, NULL, '2021-11-24 16:54:54', 1),
(109, 36, 14, NULL, '2021-11-24 16:55:19', 1),
(110, 37, 14, NULL, '2021-11-24 16:55:47', 1),
(111, 38, 13, NULL, '2021-11-25 10:44:22', 1),
(112, 38, 22, NULL, '2021-11-25 10:46:37', 1),
(113, 38, 23, NULL, '2021-11-25 10:46:37', 1),
(114, 38, 24, NULL, '2021-11-25 10:46:37', 1),
(115, 38, 25, NULL, '2021-11-25 10:46:37', 1),
(116, 39, 24, NULL, '2021-11-25 10:55:36', 1),
(117, 39, 25, NULL, '2021-11-25 10:55:36', 1),
(118, 39, 26, NULL, '2021-11-25 10:55:36', 1);

-- --------------------------------------------------------

--
-- Estructura de tabla para la tabla `usuarios`
--

CREATE TABLE `usuarios` (
  `id` int(11) NOT NULL,
  `codigo` varchar(6) NOT NULL,
  `cedula` int(11) NOT NULL,
  `nombre1` varchar(255) DEFAULT NULL,
  `nombre2` varchar(255) DEFAULT NULL,
  `apellido1` varchar(255) DEFAULT NULL,
  `apellido2` varchar(255) DEFAULT NULL,
  `pass` varchar(255) DEFAULT NULL,
  `tipo` varchar(100) DEFAULT NULL,
  `id_pais` int(11) DEFAULT NULL,
  `id_depto` int(11) DEFAULT NULL,
  `ciudad` varchar(255) DEFAULT NULL,
  `direccion` varchar(255) DEFAULT NULL,
  `telefono` varchar(15) DEFAULT NULL,
  `email` varchar(100) DEFAULT NULL,
  `avatar` varchar(255) DEFAULT NULL,
  `id_autor` int(11) DEFAULT NULL,
  `fecha_crea` datetime DEFAULT CURRENT_TIMESTAMP,
  `activo` tinyint(1) DEFAULT '1'
) ENGINE=InnoDB DEFAULT CHARSET=utf8mb4;

--
-- Volcado de datos para la tabla `usuarios`
--

INSERT INTO `usuarios` (`id`, `codigo`, `cedula`, `nombre1`, `nombre2`, `apellido1`, `apellido2`, `pass`, `tipo`, `id_pais`, `id_depto`, `ciudad`, `direccion`, `telefono`, `email`, `avatar`, `id_autor`, `fecha_crea`, `activo`) VALUES
(1, '0001', 123456789, 'SUPER', '', 'ADMINISTRADOR', '', '5f2e30163495d7b6ede4e023288481b3', 'SUPERADMIN', 82, 1707, 'MONTERIA', 'CLL. 5', '7883333', 'superadmin@gmail.com', '/../upload.php', 1, '2021-08-30 22:59:01', 1),
(3, '0002', 127232444, 'Jader ', '', 'Machado', '', '6101903146e4bbf4999c449d78441606', 'ADMINISTRADOR', 1, 0, 'MONTERIA', 'CLL. 5', '7883333', 'jaderr@gmial.com', '/../upload.php', 3, '2021-08-30 23:00:25', 1),
(4, '0', 1067881017, 'JOSE ', 'ANTONIO', 'MENDEZ', 'FARAK', '202cb962ac59075b964b07152d234b70', 'TITULAR', 82, 1711, 'mingueo', 'cr 8C 12 92 ', '3215530514', 'jdrmchado@gmail.com', '/../upload.php', 3, '2021-08-31 00:35:11', 1),
(5, '0', 1067887784, 'Dilia', 'Franchesca', 'Mercado', 'Marquez', '202cb962ac59075b964b07152d234b70', 'TITULAR', 82, 1700, 'San andres', 'cra 8c1292', '3215530514', 'jdrmchado@gmail.com', '/../upload.php', 3, '2021-08-31 01:30:53', 1),
(6, '0', 1067881077, 'Cesar', '', 'Morales', '', '202cb962ac59075b964b07152d234b70', 'TITULAR', 82, 1700, 'Medellin', 'Comuna 13', '3125675432', 'Cesar@gmail.com', '/../upload.php', 3, '2021-08-31 09:09:24', 1),
(7, '0', 1036680140, 'Sofia', '', 'Porras', 'Sierra', '202cb962ac59075b964b07152d234b70', 'TITULAR', 82, 1726, 'Bogota', 'Calle 9 sur # 7', '3196892394', 'sofiaporras29@gmail.com', '/../upload.php', 1, '2021-08-31 11:39:38', 1),
(14, '0', 35197343, 'Lyda', '', 'Gómez', '', '202cb962ac59075b964b07152d234b70', 'TITULAR', 82, 1726, 'Chia', 'Cundinamarca', '3115109058', 'Ljgomezgo@hotmail.com', '/../upload.php', 3, '2021-08-31 18:12:53', 1),
(16, '0', 26365556, 'Rosiris ', 'Del Carmen ', 'Marquez ', 'Narváez ', '202cb962ac59075b964b07152d234b70', 'TITULAR', 82, 1707, 'Monteria ', 'Mz146-Lt3-etapa', '3126594548', 'Rosiris@gmail.com', '/../upload.php', 3, '2021-08-31 20:06:26', 1),
(22, '0', 1017264705, 'estefania ', '', 'arango ', 'gil', '202cb962ac59075b964b07152d234b70', 'TITULAR', 82, 1700, 'Medellín', 'calle 50 # 32-5', '+57 3023235361 ', 'Eniagil@gmail.com', '/../upload.php', 1, '2021-09-01 15:24:20', 1),
(28, '0', 2147483647, 'Jose', '', 'Marquez', 'Ruiz', '202cb962ac59075b964b07152d234b70', 'TITULAR', 82, 1707, 'Montería', 'Cra 712 291', '3122345131', '', '/../upload.php', 1, '2021-09-01 16:06:03', 1),
(30, '0', 30567980, 'Martha ', 'Cecilia ', 'Narváez ', 'Sanchez ', '202cb962ac59075b964b07152d234b70', 'TITULAR', 82, 1700, 'Medellín ', 'Poblado ', '3216785645', 'Marti@gmail.com', '/../upload.php', 3, '2021-09-01 16:08:18', 1),
(32, '0', 30567789, 'Martha ', 'Cecilia ', 'Bolaño ', 'Pérez ', '202cb962ac59075b964b07152d234b70', 'TITULAR', 82, 1704, 'Popayan ', 'La julia ', '3128048322', 'Marti23@gmail.com', '/../upload.php', 3, '2021-09-01 17:01:15', 1),
(34, '065', 1075266961, 'Alejandro', 'Mauricio', 'Sánchez', 'Ibáñez', '202cb962ac59075b964b07152d234b70', 'OPERADOR', 82, 1710, 'Neiva', 'Calle 59 # 5b - 03', '3143493202', 'Amsanchezib@gmail.com', '/../upload.php', 3, '2021-09-01 21:59:29', 1),
(35, '0', 106767856, 'Maria ', 'Camila ', 'Almanza ', 'Pineda ', '202cb962ac59075b964b07152d234b70', 'TITULAR', 82, 1705, 'Valledupar', 'El roble ', '3125674323', 'cami09@hotmail.com', '/../upload.php', 3, '2021-09-01 23:01:20', 1),
(36, '0', 106767889, 'Maria ', 'Paula ', 'Castillo ', 'Mendoza ', '202cb962ac59075b964b07152d234b70', 'TITULAR', 82, 1702, 'Barranquilla ', 'Laureles ', '3156785678', 'mari23@hotmail.com', '/../upload.php', 3, '2021-09-02 10:04:11', 1),
(37, '0', 1067456789, 'Renata ', 'Sofia ', 'Machado', 'Mercado ', '202cb962ac59075b964b07152d234b70', 'TITULAR', 82, 1707, 'Monteria ', 'Buenas vista ', '3008016768', 'rena22@gmail.com', '/../upload.php', 3, '2021-09-02 14:10:39', 1),
(38, '0', 106778967, 'Óscar ', 'David ', 'Avila ', 'Garzón', '202cb962ac59075b964b07152d234b70', 'TITULAR', 82, 1704, 'Cali ', 'Belen ', '317 8073654', 'davi21@hotmail.com', '/../upload.php', 3, '2021-09-02 16:08:44', 1),
(39, '0', 30567678, 'Michel', 'Camila ', 'Achardi ', 'Peña ', '202cb962ac59075b964b07152d234b70', 'TITULAR', 82, 1726, 'Bogota ', 'Fusa ', '300 8057045', 'miche09@hotmail.com', '/../upload.php', 3, '2021-09-02 16:43:13', 1),
(41, '0', 1067918636, 'Ana', 'María', 'Garcés', 'Tirado', '202cb962ac59075b964b07152d234b70', 'TITULAR', 82, 1707, 'Montería', 'Cr 13 # 31 - 35 ', '3147194528', 'chavelygarcest@gmail.com', '/../upload.php', 3, '2021-09-03 17:42:29', 1),
(43, '0', 1020444320, 'Carolina', '', 'Cadavid', '', '202cb962ac59075b964b07152d234b70', 'TITULAR', 82, 1700, 'Medellín', 'Medellín', '3003583988', 'carolinacadavid@hotmail.com', '/../upload.php', 3, '2021-09-03 17:55:35', 1),
(48, '0', 1067880761, 'Omar ', 'De Jesús', 'Rodríguez', 'Romero', '202cb962ac59075b964b07152d234b70', 'TITULAR', 82, 1707, 'Monteria', 'Barrio la floresta', '3013295303', 'omarctador@hotmail.com', '/../upload.php', 3, '2021-09-03 19:11:33', 1),
(49, '0', 16276152, 'HERNANDO', '', 'TORRES', '', '202cb962ac59075b964b07152d234b70', 'TITULAR', 82, 1730, 'CALI', 'CALI', '301 5839323', 'hatc1015@hotmail.com', '/../upload.php', 3, '2021-09-04 11:59:31', 1),
(50, '0', 103012282, 'Catalina', '', 'Pulgarin', '', '202cb962ac59075b964b07152d234b70', 'TITULAR', 82, 1700, 'Medellin', 'Medellin', '3012288552', 'catalinapulgarin@gmail.com', '/../upload.php', 3, '2021-09-04 12:39:05', 1),
(52, '0', 49796088, 'carolina ', '', 'hinujosa ', 'bonilla ', '202cb962ac59075b964b07152d234b70', 'TITULAR', 82, 1705, 'valledupar ', 'Calle 13c # 19d - 41', '321 3948240', 'caro.hinujosa@gmail.com', '/../upload.php', 3, '2021-09-04 15:29:22', 1),
(53, '0', 37619739, 'Elsa ', 'Victoria', 'Carvajal', 'Jaimes', '202cb962ac59075b964b07152d234b70', 'TITULAR', 82, 1719, 'Santander', 'Cr 10 # 7 -75 ', '3187754967', 'elsavictoriacarvajal@gmail.com', '/../upload.php', 3, '2021-09-04 17:53:15', 1),
(54, '0', 1067567467, 'Jessica ', '', 'Alvarez ', '', '202cb962ac59075b964b07152d234b70', 'TITULAR', 82, 1731, 'Santa Marta ', 'Belen ', '3174688119', 'jesi89@hotmail.com', '/../upload.php', 3, '2021-09-05 10:11:32', 1),
(55, '0', 1030564052, 'viviana ', '', 'niño ', '', '202cb962ac59075b964b07152d234b70', 'TITULAR', 82, 1726, 'bogota ', 'bogota ', '+57 310 2935862', 'vivis72911@gmail.com', '/../upload.php', 3, '2021-09-06 09:35:43', 1),
(56, '0', 31372695, 'carla', 'silvana ', 'de la fuente ', '', '202cb962ac59075b964b07152d234b70', 'TITULAR', 5, 1818, 'buenos aires ', 'argentina ', '54 9 11 6356-49', 'carladelafuente08@gmail.com', '/../upload.php', 3, '2021-09-06 10:11:22', 1),
(57, '0', 1035423233, 'luisa ', 'fernanda ', 'castaño ', 'Diaz', '202cb962ac59075b964b07152d234b70', 'TITULAR', 82, 1700, 'medellin ', 'medellin ', '+57 300 4341723', 'luisafda-castano@hotmail.com', '/../upload.php', 3, '2021-09-06 11:07:41', 1),
(58, '0', 1002241476, 'Yeris ', 'Andrea ', 'torres ', '', '202cb962ac59075b964b07152d234b70', 'TITULAR', 82, 1720, 'cartagena ', 'cartagena ', '300 4341166', 'Andrea.tt.117@gmail.com', '/../upload.php', 1, '2021-09-06 11:39:12', 1),
(59, '0', 1020482239, 'gisela', '', 'marin', '', '202cb962ac59075b964b07152d234b70', 'TITULAR', 82, 1700, 'medellin', 'medellin ', '321 7683815', 'giselarestrepomarin5@gmail.com', '/../upload.php', 3, '2021-09-06 12:01:56', 1),
(60, '0', 43733419, 'Yaneth ', 'Sofia ', 'Orozco ', 'Arango ', '202cb962ac59075b964b07152d234b70', 'TITULAR', 82, 1700, 'Medellín ', 'Belen ', '+57 316 4710120', 'yanopa30@gmail.com', '/../upload.php', 3, '2021-09-06 12:24:28', 1),
(61, '0', 1037581382, 'Claudia ', '', 'Restrepo ', '', '202cb962ac59075b964b07152d234b70', 'TITULAR', 82, 1700, 'Medellín ', 'Rosales ', '+57 301 2841863', 'clavel311@gmail.com', '/../upload.php', 3, '2021-09-06 13:22:16', 1),
(62, '0', 999721, 'raluca ', '', 'dima', '', '202cb962ac59075b964b07152d234b70', 'TITULAR', 72, 1369, 'rumania ', 'rumania ', '+40 746 201 006', 'ralucafantana@gmail.com', '/../upload.php', 3, '2021-09-06 14:04:03', 1),
(63, '0', 1066744521, 'isaac ', '', 'londoño', 'bernal ', '202cb962ac59075b964b07152d234b70', 'TITULAR', 82, 1700, 'medellin', 'medellin', '3112979703', 'isaac10251993@hotmail.com', '/../upload.php', 3, '2021-09-06 14:33:37', 1),
(64, '0', 1003865171, 'laura ', '', 'murcia ', '', '202cb962ac59075b964b07152d234b70', 'TITULAR', 82, 1710, 'neiva ', 'neiva ', '3123197732', 'laurasalasmurcia02@gmail.com', '/../upload.php', 3, '2021-09-06 14:58:47', 1),
(65, '0', 106756789, 'Paula ', '', 'Posada ', '', '202cb962ac59075b964b07152d234b70', 'TITULAR', 82, 1700, 'Medellín ', 'Robledo ', '3058140202', 'pposada0226@gmail.com', '/../upload.php', 3, '2021-09-06 15:04:53', 1),
(66, '0', 73188106, 'darwin ', 'ibarra ', 'gutierrez ', '', '202cb962ac59075b964b07152d234b70', 'TITULAR', 82, 1702, 'cartagena', 'cartagena', '314 5824758', 'darwinibarra@gmail.com', '/../upload.php', 3, '2021-09-06 15:46:32', 1),
(67, '0', 5441323, 'taus ', 'lorena ', 'soledad ', '', '202cb962ac59075b964b07152d234b70', 'TITULAR', 5, 1818, 'argentina', 'argentina ', '+5492241460758', 'lorenataus@gmail.com', '/../upload.php', 3, '2021-09-06 16:31:12', 1),
(68, '0', 1143369816, 'mayerlis ', '', 'marquez', '', '202cb962ac59075b964b07152d234b70', 'TITULAR', 82, 1702, 'cartagena ', 'cartagena ', '3014809346', 'marquez20m@hotmail.com', '/../upload.php', 3, '2021-09-06 17:39:11', 1),
(69, '0', 40993778, 'mayleng', '', 'rayo ', 'ching', '202cb962ac59075b964b07152d234b70', 'TITULAR', 82, 1700, 'medellin', 'medellin', ' 315 4562683', 'lachina0225@hotmail.com', '/../upload.php', 3, '2021-09-07 12:05:37', 1),
(70, '0', 1234992535, 'Joan', 'Manuel ', 'Montoya ', 'Guilares ', '202cb962ac59075b964b07152d234b70', 'TITULAR', 82, 1700, 'Medellín ', 'Laureles ', '312 7788290', 'Joanmanuelmontoya078@gmail.com', '/../upload.php', 3, '2021-09-07 14:57:26', 1),
(71, '0', 10123966, 'isleny', 'yubelly ', 'lopez ', 'triana ', '202cb962ac59075b964b07152d234b70', 'TITULAR', 82, 1726, 'bogota', 'Calle 6 # 2 89', '3115024022', 'Yubelly_1507@hotmail.com', '/../upload.php', 3, '2021-09-07 15:01:53', 1),
(72, '0', 1144091014, 'yeremi ', '', 'camacho ', 'escobar ', '202cb962ac59075b964b07152d234b70', 'TITULAR', 82, 1704, 'cali ', 'cali ', '316 3232623', 'Jere.camacho@hotmail.com', '/../upload.php', 3, '2021-09-07 16:32:59', 1),
(73, '0', 71483683, 'kevyn ', 'asto', 'jacome', '', '202cb962ac59075b964b07152d234b70', 'TITULAR', 89, 1610, 'lima', 'lima', '7148368378', 'kevyn.anthony.asto.jacome@gmail.com', '/../upload.php', 3, '2021-09-07 16:51:21', 1),
(76, '0', 2545748, 'karen ', '', 'albancando ', '', '202cb962ac59075b964b07152d234b70', 'TITULAR', 82, 1726, 'bogota ', 'bogota ', '3202579656', 'Tratoeticoanimal@gmail.com', '/../upload.php', 3, '2021-09-07 18:35:23', 1),
(77, '0', 54547856, 'Alexandra ', '', 'Pachon', '', '202cb962ac59075b964b07152d234b70', 'TITULAR', 82, 1726, 'Bogota', 'bogota ', '3043408523', 'alexandrapachon0521@gmail.com', '/../upload.php', 3, '2021-09-07 19:04:27', 1),
(78, '0', 1022093460, 'yeimi ', 'tatiana ', 'Montoya', 'molina', '202cb962ac59075b964b07152d234b70', 'TITULAR', 82, 1700, 'Medellin', 'Medellin', '3132006310 ', 'tatim429@hotmail.com', '/../upload.php', 3, '2021-09-07 19:42:46', 1),
(79, '0', 8487087, 'Luis ', '', 'Rueda', '', '202cb962ac59075b964b07152d234b70', 'TITULAR', 82, 0, 'barranquilla ', 'Carrera 41 # 61 33 apto 204', '+57 300 5713115', '', '/../upload.php', 3, '2021-09-08 11:16:29', 1),
(80, '0', 2147483647, 'Alexandra', '', 'pachon', '', '202cb962ac59075b964b07152d234b70', 'TITULAR', 82, 1726, 'Bogota', 'bogota ', '3043408523', 'alexandrapachon0521@gmail.co', '/../upload.php', 3, '2021-09-09 15:14:39', 1),
(81, '0', 25878747, 'carlos ', '', 'Martinez', '', '202cb962ac59075b964b07152d234b70', 'TITULAR', 82, 1700, 'Medellin', 'bello', '96400352702', 'Topgear4x2@gmail.com', '/../upload.php', 3, '2021-09-09 16:01:06', 1),
(82, '0', 72346330, 'said ', 'fernando ', 'bandera ', 'martinez', '202cb962ac59075b964b07152d234b70', 'TITULAR', 82, 1702, 'Barranquilla', 'Barranquilla', '54422154', 'said.b13@hotmail.com', '/../upload.php', 3, '2021-09-09 16:49:23', 1),
(83, '0', 1007355115, 'Diana ', 'marcela', 'pedraza', 'pedraza', '202cb962ac59075b964b07152d234b70', 'TITULAR', 82, 1726, 'bogota', 'bogota', '302 3380087', 'dianamarcela-2000@hotmail.com', '/../upload.php', 3, '2021-09-09 17:20:50', 1),
(84, '0', 81077061, 'Jorge', '', 'Arismendi ', 'Canete ', '202cb962ac59075b964b07152d234b70', 'TITULAR', 82, 1726, 'Bogotá ', 'Los robles ', '+1 (385) 499-77', 'Jorgearismendi1212@gmail.com', '/../upload.php', 3, '2021-09-10 10:00:27', 1),
(85, '0', 1079655795, 'Cristina ', 'Andrea ', 'Rojas', 'cardona', '202cb962ac59075b964b07152d234b70', 'TITULAR', 82, 1715, 'boyaca', 'boyaca', '3168669919', 'Cristinarojas12051987@gmail.com', '/../upload.php', 3, '2021-09-10 11:32:18', 1),
(86, '0', 1098720015, 'diana ', '', 'pinzon', '', '202cb962ac59075b964b07152d234b70', 'TITULAR', 82, 0, 'bucaramanga ', 'bucaramanga ', '3185296898', 'Dmpinzon13@gmail.com', '/../upload.php', 3, '2021-09-10 11:53:01', 1),
(87, '0', 71483683, 'Kevin', '', 'asto ', '', '202cb962ac59075b964b07152d234b70', 'TITULAR', 89, 1610, 'lima', 'lima', '+51 999 661 422', 'kevyn.anthony.asto.jacome@gmail.com', '/../upload.php', 3, '2021-09-10 12:33:28', 1),
(88, '0', 1088356912, 'gabriela ', 'lucia ', 'guerrero ', 'bravo ', '202cb962ac59075b964b07152d234b70', 'TITULAR', 82, 1726, 'Bogota', 'bogota ', '+57 315 3041954', 'gabrielalgb20@hotmail.com', '/../upload.php', 3, '2021-09-10 12:48:57', 1),
(89, '0', 79782427, 'David ', '', 'Medina ', '', '202cb962ac59075b964b07152d234b70', 'TITULAR', 82, 0, 'cundinamarca', 'cundinamarca', '3138863490', 'modoviajeco@gmail.com', '/../upload.php', 3, '2021-09-10 16:49:26', 1),
(90, '0', 1052389679, 'angelica ', '', 'salgado ', 'madero', '202cb962ac59075b964b07152d234b70', 'TITULAR', 82, 1726, 'Bogota', 'Bogota ', '3017212802', 'anglik89@gmail.com', '/../upload.php', 3, '2021-09-10 17:20:53', 1),
(91, '0', 0, 'laura', 'daniela', 'puerto', 'cortes', '202cb962ac59075b964b07152d234b70', 'TITULAR', 82, 1726, 'bogota', 'bogota', '3003441567', 'daniela204@outlook.com', '/../upload.php', 3, '2021-09-11 12:10:11', 1),
(92, '0', 6389862, 'jorge ', '', 'camacho', '', '202cb962ac59075b964b07152d234b70', 'TITULAR', 82, 0, 'cali', 'cali', '57 302 3762984', '', '/../upload.php', 3, '2021-09-11 12:29:45', 1),
(93, '0', 5454111, 'jessica ', '', 'cardona ', '', '202cb962ac59075b964b07152d234b70', 'TITULAR', 82, 1722, 'tulua', 'tulua', '3163808533', 'jesica02@hotmail.com', '/../upload.php', 3, '2021-09-11 14:20:56', 1),
(94, '0', 4514618, 'camilo ', 'andres', 'villamizar ', '', '202cb962ac59075b964b07152d234b70', 'TITULAR', 82, 1712, 'meta', 'villa hermosa', '+57 312 4538144', 'Sag2728@gmail.com', '/../upload.php', 3, '2021-09-11 14:31:11', 1),
(95, '0', 10208465, 'juan ', 'jose', 'gonzalez ', 'moreno', '202cb962ac59075b964b07152d234b70', 'TITULAR', 82, 1726, 'bogota ', ' Carrera 109b # 153-60', '3164828573', 'juan.gonzalez.moreno@gmail.com', '/../upload.php', 3, '2021-09-11 14:44:29', 1),
(96, '0', 43275891, 'luisa ', 'fernanda', 'aristizabal ', '', '202cb962ac59075b964b07152d234b70', 'TITULAR', 82, 1700, 'medellin', 'medellin', '321 6445493', '', '/../upload.php', 3, '2021-09-11 15:07:44', 1),
(97, '0', 38561912, 'Julie ', '', 'Jiménez ', '', '202cb962ac59075b964b07152d234b70', 'TITULAR', 82, 1722, 'Cali ', 'Edén ', '+57 315 4622964', 'Lunataz1145@gmail.com', '/../upload.php', 3, '2021-09-13 10:25:35', 1),
(98, '0', 1020782543, 'belkeess', '', 'buitrago', '', '202cb962ac59075b964b07152d234b70', 'TITULAR', 82, 0, 'Bogota', ' cra 65#173a 50', '+57 313 4042965', 'belkeess@gmail.com', '/../upload.php', 3, '2021-09-13 12:25:15', 1),
(99, '0', 1070604093, 'Gerson ', '', 'arias', '', '202cb962ac59075b964b07152d234b70', 'TITULAR', 82, 1700, 'medellin', 'medellin', ' 304 6577076', 'jemage0629@outlook.com', '/../upload.php', 3, '2021-09-13 12:35:26', 1),
(100, '0', 55313893, 'edianis ', '', 'acuña', '', '202cb962ac59075b964b07152d234b70', 'TITULAR', 82, 1702, 'barranquilla', 'barranquilla', '3004236367', 'zafra_edianis@hotmail.com', '/../upload.php', 3, '2021-09-13 14:04:09', 1),
(101, '0', 52717138, 'sandra ', '', 'zamanate ', '', '202cb962ac59075b964b07152d234b70', 'TITULAR', 82, 1726, 'Bogota', 'bogota ', '3184093765', 'Sandritazemanate@gmail.com', '/../upload.php', 3, '2021-09-13 14:14:32', 1),
(102, '0', 77299032, 'mylady ', 'angie', 'chavez', 'lindo', '202cb962ac59075b964b07152d234b70', 'TITULAR', 89, 1610, 'peru', 'peru', '+51 945 222 739', 'chavez.lindo.angie@gmail.com', '/../upload.php', 3, '2021-09-13 16:29:38', 1),
(103, '0', 1014193608, 'Viviana ', '', 'Rubio', 'Bautista', '202cb962ac59075b964b07152d234b70', 'TITULAR', 82, 0, 'bogota', 'bogota', '3045472555', 'jvivianarb@gmail.com', '/../upload.php', 3, '2021-09-13 17:09:02', 1),
(104, '0', 1053866946, 'mateo ', '', 'piniagua ', 'moreno', '202cb962ac59075b964b07152d234b70', 'TITULAR', 82, 1730, 'manizales', 'manizales', '+57 304 4713755', 'Mateomoreno98.mm@gmail.com', '/../upload.php', 3, '2021-09-13 17:19:14', 1),
(105, '0', 1005878929, 'carlos ', '', 'benzo ', 'valenzuela ', '202cb962ac59075b964b07152d234b70', 'TITULAR', 82, 1722, 'palmira', 'Calle 72 30 18', '+57 318 5079788', 'Benzovalenzuela@gmail.com', '/../upload.php', 3, '2021-09-13 17:23:38', 1),
(106, '0', 3291342, 'carlos ', 'hugo ', 'torres ', '', '202cb962ac59075b964b07152d234b70', 'TITULAR', 82, 1712, 'meta', 'meta', '+57 311 2187450', 'cielomaria181@gmail.com', '/../upload.php', 3, '2021-09-13 17:29:54', 1),
(107, '0', 1018457534, 'Ximena ', '', 'oviedo ', '', '202cb962ac59075b964b07152d234b70', 'TITULAR', 82, 1726, 'Bogota ', 'bogota', '3134549824', 'xoviedorodriguez@gmail.com', '/../upload.php', 3, '2021-09-13 18:17:41', 1),
(108, '0', 63561144, 'Ana ', 'Maria ', 'Uribe ', 'Chain', '202cb962ac59075b964b07152d234b70', 'TITULAR', 82, 0, 'Bucaramanga ', 'bucaramanga ', '+57 316 2673850', 'anamariauribech@hotmail.com', '/../upload.php', 3, '2021-09-14 10:46:34', 1),
(109, '0', 43275891, 'Luisa ', 'Fernanda ', 'Aristizabal ', '', '202cb962ac59075b964b07152d234b70', 'TITULAR', 82, 1700, 'medellin', 'medellin', '3216445493', '', '/../upload.php', 3, '2021-09-14 11:38:45', 1),
(110, '0', 1000439274, 'Samara ', '', 'Gonzalez', '', '202cb962ac59075b964b07152d234b70', 'TITULAR', 82, 1700, 'medellin', 'medellin', '+57 314 8673987', '', '/../upload.php', 3, '2021-09-14 11:46:04', 1),
(111, '0', 1719087486, 'Johanna ', 'Elizabeth ', 'Paredes ', 'Auz', '202cb962ac59075b964b07152d234b70', 'TITULAR', 103, 0, 'Ecuador ', 'Ecuador ', '+593 99 566 140', 'johis_gata@hotmail.com', '/../upload.php', 3, '2021-09-14 12:01:08', 1),
(112, '0', 1039463, 'Fausury', '', 'Gaviria ', 'Montoya', '202cb962ac59075b964b07152d234b70', 'TITULAR', 82, 1700, 'medellin', ' Calle 61 sur #43a-  32 Sabaneta', '+57 310 5343363', 'faisury-gaviria@hotmail.com', '/../upload.php', 3, '2021-09-15 15:03:37', 1),
(113, '0', 1030604937, 'Laura ', '', 'Bernal ', 'Torres', '202cb962ac59075b964b07152d234b70', 'TITULAR', 82, 0, 'bogota', 'bogota ', '3046670069', 'Laury2131@hotmail.com', '/../upload.php', 3, '2021-09-15 15:21:12', 1),
(114, '0', 5829042, 'Juan', 'Camilo', 'Molano', '', '202cb962ac59075b964b07152d234b70', 'TITULAR', 82, 1721, 'ibague', ' MZ o casa 17 9 etapa Jordan', '+57 312 4063745', '', '/../upload.php', 3, '2021-09-15 15:51:36', 1),
(115, '0', 1037500955, 'Estefany', 'Jhojana', 'Rodriguez', 'Gomez', '202cb962ac59075b964b07152d234b70', 'TITULAR', 82, 1700, 'Medellín ', 'Carrera 66 Bb 55 51', '+57 311 3516407', 'jhojana.2319@hotmail.com', '/../upload.php', 1, '2021-09-15 16:55:24', 1),
(116, '0', 1037619124, 'Erika', '', 'Garcia', '', '202cb962ac59075b964b07152d234b70', 'TITULAR', 82, 1700, 'medellin', 'medellin', '+57 321 8026633', 'samu1692@hotmail.com', '/../upload.php', 3, '2021-09-15 17:08:23', 1),
(117, '0', 52049470, 'Margarita ', '', 'Ramírez ', '', '202cb962ac59075b964b07152d234b70', 'TITULAR', 82, 1726, 'Bogotá ', 'Robledo ', '+57 319 3870664', 'nijuanpa@hotmail.com', '/../upload.php', 3, '2021-09-16 11:04:38', 1),
(118, '0', 925335093, 'Octavio ', 'Marcelo ', 'Cordoba', '', '202cb962ac59075b964b07152d234b70', 'TITULAR', 103, 0, 'guayaquil', 'guayaquil', '593-982-853138', 'octavio_cordova1@hotmail.com', '/../upload.php', 3, '2021-09-16 12:22:51', 1),
(119, '0', 0, 'edna ', '', 'jara', '', '202cb962ac59075b964b07152d234b70', 'TITULAR', 82, 0, 'Bogota', 'Bogota ', '3112488768', '', '/../upload.php', 3, '2021-09-16 12:28:28', 1),
(120, '0', 33700703, 'Liliana ', 'Soraida ', 'Cortes', 'Cortes', '202cb962ac59075b964b07152d234b70', 'TITULAR', 82, 0, 'bogota', 'cll 59b sur No. 43A-06', '310-2657699', 'angelst6@hotmail.com', '/../upload.php', 3, '2021-09-17 16:39:00', 1),
(121, '0', 0, 'Robert ', '', 'Velasquez ', '', '202cb962ac59075b964b07152d234b70', 'TITULAR', 82, 1700, 'Medellin', 'Medellín ', '3154805533', 'robertho_0912@hotmail.com', '/../upload.php', 3, '2021-09-20 10:17:03', 1),
(122, '0', 0, 'Natalia ', '', 'Nieto', '', '202cb962ac59075b964b07152d234b70', 'TITULAR', 82, 0, 'Bogota', 'Bogota ', '+57 317 3270786', 'natinieto.nng@gamil.com', '/../upload.php', 3, '2021-09-20 15:02:32', 1),
(123, '0', 0, 'Alex ', '', 'Gomez', '', '202cb962ac59075b964b07152d234b70', 'TITULAR', 82, 0, 'Bogota ', 'Bogota ', '+57 318 7826486', '', '/../upload.php', 3, '2021-09-20 15:08:00', 1),
(124, '0', 11264213, 'mayra ', 'alejandra ', 'quintero ', '', '202cb962ac59075b964b07152d234b70', 'TITULAR', 82, 0, 'cucuta', 'cucuta ', '454547', 'Javierdavila2013@gmail.com', '/../upload.php', 3, '2021-09-20 15:19:47', 1),
(125, '0', 20334492, 'Luis ', '', 'Montenegro ', '', '202cb962ac59075b964b07152d234b70', 'TITULAR', 82, 0, 'Bogota', 'Bogota ', '3118997946', 'marcemontenegrot@gmail.com', '/../upload.php', 3, '2021-09-20 15:39:18', 1),
(126, '0', 1002854834, 'Manuela ', '', 'Toborda', 'Bustamante ', '202cb962ac59075b964b07152d234b70', 'TITULAR', 82, 0, 'Medellin', 'Medellín ', '+57 313 8656264', 'manuelabustamante87@gmail.com', '/../upload.php', 3, '2021-09-20 15:53:25', 1),
(127, '0', 1007429903, 'Laura', 'Camila ', 'Henao ', 'Cardona ', '202cb962ac59075b964b07152d234b70', 'TITULAR', 82, 1700, 'la ceja ', 'la ceja ', '3193396850', 'Henaol522@gmail.com', '/../upload.php', 3, '2021-09-20 16:07:41', 1),
(128, '0', 1088357939, 'Sofia ', '', 'Jimenez ', '', '202cb962ac59075b964b07152d234b70', 'TITULAR', 82, 0, 'pereira ', 'Calle 11# 22-33 alamos ', '514564', 'So_jimenez6556@hotmail.com', '/../upload.php', 3, '2021-09-20 17:15:30', 1),
(129, '0', 1048213008, 'jeimys ', '', 'cervantes ', '', '202cb962ac59075b964b07152d234b70', 'TITULAR', 82, 0, 'Barranquilla ', 'Barranquilla ', '3014400902', 'jeimysc21@hotmail.com', '/../upload.php', 3, '2021-09-20 17:58:33', 1),
(130, '0', 1088352835, 'Federico', '', 'Correa ', '', '202cb962ac59075b964b07152d234b70', 'TITULAR', 82, 0, 'pereira ', 'pereira', '3113615520', '', '/../upload.php', 3, '2021-09-21 13:24:37', 1),
(131, '0', 98671612, 'Alejandro ', 'Henao ', 'Agudelo', '', '202cb962ac59075b964b07152d234b70', 'TITULAR', 82, 0, 'Medellin', 'Medellin', '313 7441355', '', '/../upload.php', 3, '2021-09-21 14:13:05', 1),
(132, '0', 0, 'Ligia ', '', 'torres', '', '202cb962ac59075b964b07152d234b70', 'TITULAR', 82, 0, 'Medellin', 'Medellin', '300 3030174', '', '/../upload.php', 3, '2021-09-21 15:08:47', 1),
(133, '0', 10366715, 'Anlly ', 'Lucero', 'Mesa ', 'Quintero', '202cb962ac59075b964b07152d234b70', 'TITULAR', 82, 0, 'Medellin', 'Medellin', '320 5706892', '', '/../upload.php', 3, '2021-09-21 16:39:13', 1),
(134, '0', 0, 'Laura ', '', 'Cardona', '', '202cb962ac59075b964b07152d234b70', 'TITULAR', 82, 1700, 'Medellin', 'Medellin', '3005862174', '', '/../upload.php', 1, '2021-09-21 16:51:34', 1),
(135, '0', 0, 'Paula ', '', 'Cardona ', '', '202cb962ac59075b964b07152d234b70', 'TITULAR', 82, 1700, 'Medellin', 'Medellin ', '3005862174', '', '/../upload.php', 3, '2021-09-21 16:59:53', 1),
(136, '0', 0, 'Manuela ', '', 'Jimenez ', 'Castañeda ', '202cb962ac59075b964b07152d234b70', 'TITULAR', 82, 0, 'Bogota', 'Bogota ', '304 4963800', '', '/../upload.php', 3, '2021-09-22 10:26:02', 1),
(137, '0', 0, 'David ', 'Fernando ', 'Torres ', '', '202cb962ac59075b964b07152d234b70', 'TITULAR', 82, 0, 'Bogota', 'Bogota ', '+57 317 3714140', '', '/../upload.php', 3, '2021-09-22 10:49:15', 1),
(138, '0', 0, 'Paula ', '', 'Pelaez ', '', '202cb962ac59075b964b07152d234b70', 'TITULAR', 82, 0, 'Bogota', 'Bogota ', ' 311 7038954', '', '/../upload.php', 3, '2021-09-22 11:22:58', 1),
(139, '0', 0, 'Carlos ', 'Eduardo', 'Escobar ', 'Duque ', '202cb962ac59075b964b07152d234b70', 'TITULAR', 82, 0, 'Bogota', 'Bogota ', ' 310 4699309', '', '/../upload.php', 3, '2021-09-22 12:14:28', 1),
(140, '0', 0, 'Diana ', '', 'Ariza', '', '202cb962ac59075b964b07152d234b70', 'TITULAR', 82, 0, 'Bogota', 'Bogota ', '+57 318 4042169', '', '/../upload.php', 3, '2021-09-22 14:11:29', 1),
(141, '0', 0, 'Beatriz', '', 'Hernandez ', '', '202cb962ac59075b964b07152d234b70', 'TITULAR', 82, 0, 'Bogota', 'Bogota ', '311 6348009', '', '/../upload.php', 3, '2021-09-22 17:16:18', 1),
(142, '0', 29111281, 'Alejandra ', 'Maria ', 'Gonzalez ', 'Mendoza ', '202cb962ac59075b964b07152d234b70', 'TITULAR', 82, 0, 'cali ', 'Cra 35.ª 12.ª 59', '300 7688645', 'alejamagome20@gmail.com', '/../upload.php', 3, '2021-09-23 11:58:43', 1),
(143, '0', 1113790785, 'Leydi ', 'vanessa', 'areiza', '', '202cb962ac59075b964b07152d234b70', 'TITULAR', 82, 0, 'cali', 'cali', ' 318 4227738', 'Lareiza61@gmail.com', '/../upload.php', 3, '2021-09-24 09:07:12', 1),
(144, '0', 144271653, 'Claudio ', '', 'Muñoz ', 'leiva ', '202cb962ac59075b964b07152d234b70', 'TITULAR', 81, 0, 'chile ', 'chile', '+569 92784905', 'mleivapropiedades@gmail.com', '/../upload.php', 3, '2021-09-24 09:20:07', 1),
(145, '0', 3382628, 'Edgar ', '', 'Restrepo', 'Sanchez', '202cb962ac59075b964b07152d234b70', 'TITULAR', 82, 0, 'medellin', 'medellin', '+57 311 6456812', 'restrepoedgar57@gmail.com', '/../upload.php', 3, '2021-09-24 12:44:46', 1),
(146, '0', 1098311724, 'Andres ', 'felipe', 'Moncada', 'Espinosa', '202cb962ac59075b964b07152d234b70', 'TITULAR', 82, 0, 'Quindio', 'Quindio', '+57 321 5520637', 'andresf_96@hotmail.es', '/../upload.php', 3, '2021-09-24 15:05:21', 1),
(147, '0', 1061533, 'Handy', 'Esteban ', 'Jaramillo', 'Gaviria', '202cb962ac59075b964b07152d234b70', 'TITULAR', 82, 0, 'Cauca ', 'Calle 7 # 7-07 San José Piendamó', '3128784562', 'handyjara221@hotmail.com', '/../upload.php', 3, '2021-09-24 15:34:48', 1),
(148, '0', 1032429311, 'Jose', 'Leonardo', 'Pachon', 'Pachon', '202cb962ac59075b964b07152d234b70', 'TITULAR', 82, 0, 'Bogota', 'Bogota', '3134532378', 'leonardolote@hotmail.com', '/../upload.php', 3, '2021-09-26 11:42:00', 1),
(149, '0', 1032429311, 'Jose', 'Leonardo', 'Lote', 'Pachon', '202cb962ac59075b964b07152d234b70', 'TITULAR', 82, 0, 'Bogotá', 'Bogota', '3134532378', 'leonardolote@hotmail.com', '/../upload.php', 3, '2021-09-26 11:44:51', 1),
(150, '0', 11175131, 'Paula', 'Tatiana ', 'Ureña ', 'Vargas', '202cb962ac59075b964b07152d234b70', 'TITULAR', 82, 0, 'Florencia ', 'Caquetá ', '3176691103', 'tatiana.uvargas@gmail.com', '/../upload.php', 3, '2021-09-27 09:47:57', 1),
(151, '0', 1007142068, 'Aura ', 'Daniela ', 'Paez', '', '202cb962ac59075b964b07152d234b70', 'TITULAR', 82, 0, 'Bogotá', 'Bogota', '+57 321 3004055', '', '/../upload.php', 3, '2021-09-27 17:02:21', 1),
(152, '0', 20774334, 'Dora ', 'Elvia ', 'Cárdenas ', 'Ubaque', '202cb962ac59075b964b07152d234b70', 'TITULAR', 82, 0, 'Bogota', 'Bogotá', '3123962253', 'ginan.da@hotmail.com', '/../upload.php', 3, '2021-09-27 17:51:28', 1),
(153, '0', 90805, 'Fabian', '', 'Valles', '', '202cb962ac59075b964b07152d234b70', 'TITULAR', 55, 0, 'Usa', 'Usa', '+1 (562) 841-45', 'fabianvs17@hotmail.com', '/../upload.php', 3, '2021-09-27 22:22:09', 1),
(154, '0', 10358601, 'Carlos', 'Alexis', 'Pardo', 'Arroyave', '202cb962ac59075b964b07152d234b70', 'TITULAR', 82, 0, 'Bogota', 'Bogota', '+57 314 7138061', 'Alpardo0704@gmail.com', '/../upload.php', 3, '2021-09-27 22:52:04', 1),
(155, '0', 1094964139, 'Valeria ', '', 'González', '', '202cb962ac59075b964b07152d234b70', 'TITULAR', 82, 0, 'Bogota', 'Bogota', '3185716461', '', '/../upload.php', 3, '2021-09-28 09:28:39', 1),
(156, '0', 0, 'Celeste', '', 'Aguilera', '', '202cb962ac59075b964b07152d234b70', 'TITULAR', 110, 0, 'Paraguay', 'Paraguay', '0981492060', '', '/../upload.php', 3, '2021-09-28 16:45:32', 1),
(157, '0', 6316331, 'Wilson', 'Fabio', 'Corral', 'Lopez', '202cb962ac59075b964b07152d234b70', 'TITULAR', 82, 0, 'Pereira', 'Risaralda', '+57 321 7441500', 'wifacolo@gmail.com', '/../upload.php', 3, '2021-09-28 17:52:41', 1),
(158, '0', 0, 'Juana', '', 'Delgado', '', '202cb962ac59075b964b07152d234b70', 'TITULAR', 82, 0, 'Bogota', 'Bogota', '+57 321 7234201', '', '/../upload.php', 3, '2021-09-29 12:15:25', 1),
(159, '0', 1020804385, 'Dahian', 'Stefany', 'Henao ', 'Perez', '202cb962ac59075b964b07152d234b70', 'TITULAR', 82, 0, 'Bogota', 'Bogota', '3229072436', 'dahianhenaoperez@gmail.com', '/../upload.php', 3, '2021-09-30 10:57:51', 1),
(160, '0', 52523598, 'Johana ', 'Marcela', 'Lopez', 'Rubio', '202cb962ac59075b964b07152d234b70', 'TITULAR', 82, 0, 'Bogota', 'Bogota', '+57 310 2560302', 'andresan2001@yahoo.com', '/../upload.php', 3, '2021-09-30 12:50:22', 1),
(161, '0', 1101698386, 'Silvia', '', 'Bautista', '', '202cb962ac59075b964b07152d234b70', 'TITULAR', 82, 0, 'Bogota', 'Bogota', '3213417404', '', '/../upload.php', 3, '2021-09-30 13:19:23', 1),
(162, '0', 1026570350, 'Angie ', '', 'Robayo ', '', '202cb962ac59075b964b07152d234b70', 'TITULAR', 82, 0, 'Bogota ', 'Calle 53 #85 f-11', '3102373565', '', '/../upload.php', 3, '2021-09-30 14:14:11', 1),
(163, '0', 1128481171, 'Carolina ', '', 'Sierra ', 'Giraldo', '202cb962ac59075b964b07152d234b70', 'TITULAR', 82, 0, 'Medellin', 'Kr 49 N 77 - 35', '319 2841358', 'Carolinasierragiraldo250@gmail.com', '/../upload.php', 3, '2021-09-30 15:17:48', 1),
(164, '0', 20774334, 'Dora ', 'Elvia ', 'Cardenas ', 'Ubaque ', '202cb962ac59075b964b07152d234b70', 'TITULAR', 82, 0, 'bogota', 'bogota', ' 312 3062253', 'ginan.da@hotmail.com', '/../upload.php', 3, '2021-10-01 11:38:24', 1),
(165, '0', 1090490897, 'Francy', '', 'Villamizar', '', '202cb962ac59075b964b07152d234b70', 'TITULAR', 82, 0, 'Cucuta', 'Cucuta', '+57 311 2804270', 'yurmar199520@gmail.com', '/../upload.php', 3, '2021-10-02 08:15:46', 1),
(166, '0', 0, 'Julieth', '', 'Cano', '', '202cb962ac59075b964b07152d234b70', 'TITULAR', 82, 0, 'Cucuta ', 'Cucuta', '+57 301 3587789', '', '/../upload.php', 3, '2021-10-02 10:16:31', 1),
(167, '0', 0, 'Jhon ', 'Edwin', 'Barrero', '', '202cb962ac59075b964b07152d234b70', 'TITULAR', 82, 0, 'Villavicencio', 'Meta', '+57 311 3458688', '', '/../upload.php', 3, '2021-10-02 12:32:01', 1),
(168, '0', 1032455888, 'María ', 'Paula ', 'Morales ', '', '202cb962ac59075b964b07152d234b70', 'TITULAR', 82, 0, 'Bogota', 'Bogota', '3174394203', 'mariapaulams93@gmail.com', '/../upload.php', 3, '2021-10-04 08:18:05', 1),
(169, '0', 1140820949, 'Shirley ', '', 'Mejia ', 'Villadiego', '202cb962ac59075b964b07152d234b70', 'TITULAR', 82, 0, 'Barranquilla', 'Barranquilla', '3104606887', 'shirley0029@hotmail.com', '/../upload.php', 3, '2021-10-04 08:26:56', 1),
(170, '0', 10752879, 'María ', 'Fernanda ', 'García ', 'Cruz', '202cb962ac59075b964b07152d234b70', 'TITULAR', 82, 0, 'Huila', 'Huila ', '+34 643 80 94 9', 'mafe2garcia@hotmail.com', '/../upload.php', 3, '2021-10-04 10:33:24', 1),
(171, '0', 53154124, 'Yuri ', 'Johana', 'Cardona ', 'Murillo', '202cb962ac59075b964b07152d234b70', 'TITULAR', 82, 0, 'Bogotá', 'Bogotá', '3105398436', 'yuryc18@hotmail.com', '/../upload.php', 3, '2021-10-04 18:37:43', 1),
(172, '0', 0, 'Yuliana', '', 'Munera', '', '202cb962ac59075b964b07152d234b70', 'TITULAR', 82, 0, 'Bogota', 'Bogota', '3007200214', '', '/../upload.php', 3, '2021-10-04 19:46:38', 1),
(173, '0', 0, 'Luis ', 'Alberto ', 'Montalvo ', '', '202cb962ac59075b964b07152d234b70', 'TITULAR', 82, 0, 'Medellín', 'Medellín ', '3226703006', '', '/../upload.php', 3, '2021-10-05 09:52:51', 1),
(174, '0', 12181509, 'luis ', 'lasso', 'carlosama ', '', '202cb962ac59075b964b07152d234b70', 'TITULAR', 82, 0, 'Bogotá ', 'Calle 152B #56-10 Bogotá ', '+57 312 4503742', 'millerlasso@gmail.com', '/../upload.php', 3, '2021-10-05 10:10:56', 1),
(175, '0', 1225088649, 'Camilo ', 'Marin ', 'lopez ', '', '202cb962ac59075b964b07152d234b70', 'TITULAR', 82, 0, 'Pereira ', 'Pereira ', '312 2664109', '', '/../upload.php', 3, '2021-10-05 10:21:05', 1),
(176, '0', 1049640436, 'Miguel ', 'Angel ', 'viracacha ', 'fonseca ', '202cb962ac59075b964b07152d234b70', 'TITULAR', 82, 0, 'Boyacá', 'Boyacá ', ' 322 4341138', '', '/../upload.php', 3, '2021-10-05 10:28:16', 1),
(177, '0', 1017151342, 'Yuliana ', '', 'perez', '', '202cb962ac59075b964b07152d234b70', 'TITULAR', 82, 0, 'Medellín', 'Medellín ', '301 7939171', 'myperezz@gmail.com', '/../upload.php', 3, '2021-10-05 10:44:33', 1),
(178, '0', 0, 'Diego ', '', 'Morado ', '', '202cb962ac59075b964b07152d234b70', 'TITULAR', 82, 0, 'Bogota ', 'Bogota ', '318 7140177', '', '/../upload.php', 3, '2021-10-05 10:55:11', 1),
(179, '0', 1037478231, 'Shirly', '', 'Lopez', '', '202cb962ac59075b964b07152d234b70', 'TITULAR', 82, 0, 'Medellin', 'Medellin', '3157810637', 'monterrosashirly@gmail.com', '/../upload.php', 3, '2021-10-06 10:22:15', 1),
(180, '0', 39584069, 'Cristina ', '', 'Pardo', '', '202cb962ac59075b964b07152d234b70', 'TITULAR', 82, 0, 'bogota', 'bogota ', '3002430168', '', '/../upload.php', 3, '2021-10-06 12:11:27', 1),
(181, '0', 43585556, 'Bibiana ', 'Patricia ', 'Sanchez', '', '202cb962ac59075b964b07152d234b70', 'TITULAR', 82, 0, 'Medellín ', 'Calle 46# 43-33', ' 318 7634627', 'leidymari25@hotmail.com', '/../upload.php', 3, '2021-10-06 12:39:06', 1),
(182, '0', 0, 'Andres ', '', 'Valencia ', '', '202cb962ac59075b964b07152d234b70', 'TITULAR', 82, 0, 'bogota', 'bogota ', '3147479514', '', '/../upload.php', 3, '2021-10-06 15:11:28', 1),
(183, '0', 0, 'Celeste ', '', 'Aguilera ', '', '202cb962ac59075b964b07152d234b70', 'TITULAR', 110, 0, 'paraguay ', 'Paraguay ', '0981492060 ', '', '/../upload.php', 3, '2021-10-06 15:21:35', 1),
(184, '0', 0, 'Gloria', '', 'Bolaño', '', '202cb962ac59075b964b07152d234b70', 'TITULAR', 82, 0, 'Cali', 'Cali', '+57 317 4853580', '', '/../upload.php', 3, '2021-10-06 15:52:26', 1),
(185, '0', 1017151638, 'Monica', '', 'López', 'Mejía', '202cb962ac59075b964b07152d234b70', 'TITULAR', 82, 0, 'Bogota', 'Bogota', '3012512611', '', '/../upload.php', 3, '2021-10-07 15:16:28', 1),
(186, '0', 63546506, 'Loren', 'Isabel ', 'Marin', 'Rubio ', '202cb962ac59075b964b07152d234b70', 'TITULAR', 82, 0, 'Cucuta', 'Cucuta', '3223075163', 'lorenaisabel05@hotmail.com', '/../upload.php', 3, '2021-10-07 15:21:28', 1),
(187, '0', 0, 'Luis', 'Carlos ', 'Granados ', '', '202cb962ac59075b964b07152d234b70', 'TITULAR', 82, 0, 'Manizales', 'Manizales', '+57 313 7902707', '', '/../upload.php', 3, '2021-10-07 15:27:33', 1),
(188, '0', 1193548229, 'Ana ', 'Maria', 'Herrera', 'Lopez', '202cb962ac59075b964b07152d234b70', 'TITULAR', 82, 0, 'Bogotá', 'Bogotá', '3202884285', 'anamariaherrera39@gmail.com', '/../upload.php', 3, '2021-10-08 10:42:32', 1),
(189, '0', 1047229512, 'Estefany', '', 'Padilla', '', '202cb962ac59075b964b07152d234b70', 'TITULAR', 82, 0, 'Barranquilla', 'Barranquilla', '3013257544', 'stefypady@hotmail.com', '/../upload.php', 3, '2021-10-08 15:32:21', 1),
(190, '0', 98603224, 'Elkin', '', 'Estrada', 'Florez', '202cb962ac59075b964b07152d234b70', 'TITULAR', 82, 0, 'Bogota', 'Bogota', '312 7476949', 'Natyc4669@gmail.com', '/../upload.php', 3, '2021-10-08 16:31:06', 1),
(191, '0', 1143862759, 'Marcela', '', 'Gomez', 'Borrero', '202cb962ac59075b964b07152d234b70', 'TITULAR', 82, 0, 'Cali', 'Cali', '+57 320 6202611', '', '/../upload.php', 3, '2021-10-08 20:56:29', 1),
(192, '0', 0, 'Jhon ', 'Henry ', 'López', '', '202cb962ac59075b964b07152d234b70', 'TITULAR', 82, 0, 'Bogotá', 'Bogotá', '3206672367', '', '/../upload.php', 3, '2021-10-08 21:08:29', 1),
(193, '0', 1033801982, 'Jefferson', 'Jair', 'Pinzón ', '', '202cb962ac59075b964b07152d234b70', 'TITULAR', 82, 0, 'Bogotá', 'Bogotá', '322 3962025', '', '/../upload.php', 3, '2021-10-08 21:20:56', 1),
(194, '0', 0, 'Celeste', '', 'Aguilera', '', '202cb962ac59075b964b07152d234b70', 'TITULAR', 110, 0, 'Paraguay', 'Paraguay', '0981492060 ', '', '/../upload.php', 3, '2021-10-08 21:27:53', 1),
(195, '0', 0, 'Erica', '', 'varon', '', '202cb962ac59075b964b07152d234b70', 'TITULAR', 82, 0, 'bogota', 'bogota', '+57 312 5220779', '', '/../upload.php', 3, '2021-10-09 11:45:25', 1),
(196, '0', 0, 'Jose', '', 'Cardona ', '', '202cb962ac59075b964b07152d234b70', 'TITULAR', 82, 0, 'Montería', 'Montería', '+57 301 7543667', '', '/../upload.php', 3, '2021-10-09 17:46:54', 1),
(197, '0', 36066282, 'Magali', '', 'Ospina', '', '202cb962ac59075b964b07152d234b70', 'TITULAR', 82, 0, 'Neiva', 'Neiva ', '+57 322 3637741', 'maosa7810@gmail.com', '/../upload.php', 3, '2021-10-11 08:38:00', 1),
(198, '0', 1015447203, 'David', 'Felipe ', 'Valencia', 'Bautista', '202cb962ac59075b964b07152d234b70', 'TITULAR', 82, 0, 'Bogotá', 'Bogotá', '3213151152', 'Dvalencia@equitel.com.co', '/../upload.php', 3, '2021-10-11 09:43:40', 1),
(199, '0', 1037572343, 'César ', '', 'Ospina', '', '202cb962ac59075b964b07152d234b70', 'TITULAR', 82, 0, 'Medellín', 'Medellín', '3127191897', '', '/../upload.php', 3, '2021-10-11 11:06:02', 1),
(200, '0', 0, 'Jenifer ', 'Carolina ', 'Fajardo ', '', '202cb962ac59075b964b07152d234b70', 'TITULAR', 82, 0, 'Bogotá', 'Bogotá', '+57 313 4970918', 'jcarolinafb@gmail.com', '/../upload.php', 3, '2021-10-11 15:40:49', 1),
(201, '0', 0, 'Alejandro', '', '', '', '202cb962ac59075b964b07152d234b70', 'TITULAR', 82, 0, 'Bogotá', 'Bogota', '+57 300 6973497', '', '/../upload.php', 3, '2021-10-11 16:30:51', 1),
(202, '0', 1128460890, 'Yuliana ', 'Arboleda ', 'Vélez', '', '202cb962ac59075b964b07152d234b70', 'TITULAR', 82, 0, 'Medellín', 'Medellín', '+57 320 7901223', '', '/../upload.php', 3, '2021-10-11 16:34:34', 1),
(203, '0', 0, 'Azucena ', '', 'Frisneda', '', '202cb962ac59075b964b07152d234b70', 'TITULAR', 82, 0, 'Bogotá', 'Bogota', '+57 321 4057489', '', '/../upload.php', 3, '2021-10-11 17:54:44', 1),
(204, '0', 1004597544, 'Kelly', 'Carolina', 'Mera', 'Fuertes', '202cb962ac59075b964b07152d234b70', 'TITULAR', 82, 0, 'Cali', 'Cali', '3186473724', '', '/../upload.php', 3, '2021-10-11 18:07:36', 1),
(205, '0', 1112881141, 'Andres ', '', 'Vasquez', 'lamus', '202cb962ac59075b964b07152d234b70', 'TITULAR', 82, 0, 'cali', 'cali', '+57 310 8207467', 'Lamusandres@hotmail.es', '/../upload.php', 3, '2021-10-12 20:54:39', 1),
(206, '0', 0, 'yeidin', '', 'Gutierrez', '', '202cb962ac59075b964b07152d234b70', 'TITULAR', 82, 0, 'medellin', 'medellin', '+57 301 3435554', '', '/../upload.php', 3, '2021-10-12 20:59:22', 1),
(207, '0', 0, 'Carlos', 'Adolfo', 'Suárez', 'Ramírez', '202cb962ac59075b964b07152d234b70', 'TITULAR', 82, 0, 'Norte de Santander', 'Norte de Santander', '+58 414-7311443', '', '/../upload.php', 3, '2021-10-13 09:14:20', 1),
(208, '0', 0, 'Ana ', '', 'Macias ', '', '202cb962ac59075b964b07152d234b70', 'TITULAR', 82, 0, 'Bogotá', 'Bogotá', '+57 301 3281013', '', '/../upload.php', 3, '2021-10-14 10:08:24', 1),
(209, '0', 1007254364, 'Valeria ', '', 'Racini', 'Teherán ', '202cb962ac59075b964b07152d234b70', 'TITULAR', 82, 0, 'Cartagena', 'Cartagena ', '+57 301 2429140', '', '/../upload.php', 3, '2021-10-14 11:53:06', 1),
(210, '0', 1020447209, 'Sergio', '', 'londoño', 'Henao ', '202cb962ac59075b964b07152d234b70', 'TITULAR', 82, 0, 'Medellín', 'Medellín', '+57 319 2279599', '', '/../upload.php', 3, '2021-10-14 11:59:42', 1),
(211, '0', 0, 'Didier ', 'Antonio ', 'Alvarez ', '', '202cb962ac59075b964b07152d234b70', 'TITULAR', 82, 0, 'Bogotá', 'Bogotá', '+57 350 4886160', 'dalvarez2172@yahoo.es', '/../upload.php', 3, '2021-10-14 15:40:38', 1),
(212, '0', 0, 'Ady', 'Alexandra', 'Riascos ', 'Valencia ', '202cb962ac59075b964b07152d234b70', 'TITULAR', 82, 0, 'Bogotá', 'Bogotá', '+57 311 6554095', '', '/../upload.php', 3, '2021-10-15 08:39:08', 1),
(213, '0', 0, 'Raul', '', 'Huffington', 'Cárdenas', '202cb962ac59075b964b07152d234b70', 'TITULAR', 82, 0, 'Bogota', 'Bogota', '+57 318 6259785', '', '/../upload.php', 3, '2021-10-15 09:33:47', 1),
(214, '0', 33739003, 'Shirly', '', 'Arellano', '', '202cb962ac59075b964b07152d234b70', 'TITULAR', 5, 0, 'Argentina', 'Argentina', '541160186345', 'arellano.shirly@gmail.com', '/../upload.php', 3, '2021-10-16 11:08:27', 1),
(215, '0', 0, 'Laura', 'Celis', '', 'Vélez', '202cb962ac59075b964b07152d234b70', 'TITULAR', 82, 0, 'Bogotá', 'Bogotá', '3177599987', 'laurel_celis@hotmail.com', '/../upload.php', 3, '2021-10-18 17:47:31', 1),
(216, '0', 1036681948, 'Alejandro ', '', 'Zapata ', '', '202cb962ac59075b964b07152d234b70', 'TITULAR', 82, 0, 'Bogota', 'Bogota', '3006452864', 'alejandrozapata652@gmail.com', '/../upload.php', 3, '2021-10-19 09:08:51', 1),
(217, '0', 1066186420, 'Andres', '', 'Linderman ', '', '202cb962ac59075b964b07152d234b70', 'TITULAR', 82, 0, 'cartagena ', 'cartagena', '3008137537', '', '/../upload.php', 3, '2021-10-19 10:08:11', 1),
(218, '0', 0, 'micaela ', '', 'rosados ', '', '202cb962ac59075b964b07152d234b70', 'TITULAR', 5, 0, 'argentina ', 'argentina ', '51515', 'Micaela_rozados@hotmail.com', '/../upload.php', 3, '2021-10-19 10:41:49', 1),
(219, '0', 0, 'Luz ', 'Angela ', 'correa', '', '202cb962ac59075b964b07152d234b70', 'TITULAR', 82, 0, 'palmira', 'palmira', '311 6953969', '', '/../upload.php', 3, '2021-10-19 16:39:28', 1),
(220, '0', 1067918636, 'Ana ', 'María ', 'Garcés', '', '202cb962ac59075b964b07152d234b70', 'TITULAR', 82, 1707, 'Montería ', 'Montería ', '3147194528', 'chavelygarcest@gmail.com', '/../upload.php', 3, '2021-10-20 10:24:42', 1),
(221, '0', 42120493, 'Maribel ', '', 'Toro', 'Aristizábal', '202cb962ac59075b964b07152d234b70', 'TITULAR', 82, 0, 'Bogotá', 'Bogotá', '+57 310 8340615', 'maribeltoroa@hotmail.com', '/../upload.php', 3, '2021-10-20 19:12:54', 1),
(222, '0', 1067881075, 'Karen ', '', 'Tirado', '', '202cb962ac59075b964b07152d234b70', 'TITULAR', 82, 0, 'Montería', 'Montería', '3122868727', '', '/../upload.php', 3, '2021-10-20 19:35:09', 1),
(223, '0', 0, 'Martha', '', 'Alarcon', '', '202cb962ac59075b964b07152d234b70', 'TITULAR', 82, 0, 'Bogotá', 'Bogotá', '3138480044', '', '/../upload.php', 3, '2021-10-21 10:49:33', 1),
(224, '0', 55312243, 'Tania ', '', 'Bornacelli', '', '202cb962ac59075b964b07152d234b70', 'TITULAR', 82, 0, 'Santa Martha', 'Santa Martha ', '+57 300 6100251', 'tba46@hotmail.com', '/../upload.php', 3, '2021-10-21 11:12:50', 1),
(225, '0', 1102120659, 'María ', 'Camila ', 'González', 'Vergara', '202cb962ac59075b964b07152d234b70', 'TITULAR', 82, 0, 'Sincelejo', 'Sincelejo', '3233083392', 'kmygonzalez751@gmail.com', '/../upload.php', 3, '2021-10-21 16:51:41', 1),
(226, '0', 0, 'Paola', '', 'Cabrera ', '', '202cb962ac59075b964b07152d234b70', 'TITULAR', 82, 0, 'Bogotá ', 'Bogota', '+57 317 4730225', '', '/../upload.php', 3, '2021-10-21 17:17:55', 1),
(227, '0', 0, 'Héctor ', 'Andrés ', 'Zorro ', '', '202cb962ac59075b964b07152d234b70', 'TITULAR', 82, 0, 'Bogota', 'Bogotá', '3124455948', '', '/../upload.php', 3, '2021-10-21 17:45:31', 1),
(228, '0', 1102120659, 'Maria ', 'Camila ', 'Gonzalez', 'Vergara ', '202cb962ac59075b964b07152d234b70', 'TITULAR', 82, 0, 'sincelejo', 'sincelejo', '3233083392', 'Kmygonzalez751@gmail.com', '/../upload.php', 3, '2021-10-22 13:43:31', 1),
(229, '0', 0, 'marcela ', '', 'cervantes ', 'cervantes ', '202cb962ac59075b964b07152d234b70', 'TITULAR', 82, 0, 'Barranquilla', 'Barranquilla ', '3014608999', 'dramarcelitac@hotmail.Com', '/../upload.php', 3, '2021-10-22 14:35:06', 1),
(230, '0', 0, 'Luisa ', 'Fernanda ', 'Montoya ', '', '202cb962ac59075b964b07152d234b70', 'TITULAR', 82, 0, 'Bogota', 'Bogota', '+57 319 4908176', '', '/../upload.php', 3, '2021-10-23 08:25:46', 1),
(231, '0', 80417404, 'Amanda ', '', 'Gonzalez', 'Morales', '202cb962ac59075b964b07152d234b70', 'TITULAR', 82, 0, 'Bogota', 'Bogota', '+57 310 5598130', '', '/../upload.php', 3, '2021-10-23 10:52:40', 1),
(232, '0', 1018403149, 'Sandra ', '', 'Bueno', 'Chavez', '202cb962ac59075b964b07152d234b70', 'TITULAR', 82, 0, 'Bogotá', 'Bogotá', '82849', 'buenosandra2002@gmail.com', '/../upload.php', 3, '2021-10-23 12:20:43', 1),
(233, '0', 1001782872, 'Shyra', 'Michel', 'Hernandez', 'Olaya ', '202cb962ac59075b964b07152d234b70', 'TITULAR', 82, 0, 'Barranquilla', 'Barranquilla', ' 301 3453618', '', '/../upload.php', 3, '2021-10-25 06:48:15', 1),
(234, '0', 0, 'Victoria', '', 'Fuentes ', '', '202cb962ac59075b964b07152d234b70', 'TITULAR', 82, 0, 'Bogota', 'Bogota', '315 6105709', '', '/../upload.php', 3, '2021-10-25 06:57:02', 1),
(235, '0', 0, 'Vanessa', '', 'Zapata', '', '202cb962ac59075b964b07152d234b70', 'TITULAR', 82, 0, 'Bogota', 'Bogota', '+57 301 7439493', '', '/../upload.php', 3, '2021-10-26 06:07:17', 1),
(236, '0', 0, 'Michael', '', 'Valencia', '', '202cb962ac59075b964b07152d234b70', 'TITULAR', 82, 0, 'Bogota', 'Bogota', '+57 311 5883618', '', '/../upload.php', 3, '2021-10-26 06:37:18', 1),
(237, '0', 1102387991, 'Ingrid', 'Tatiana', 'Martinez', '', '202cb962ac59075b964b07152d234b70', 'TITULAR', 82, 0, 'Villavicencio', 'Villavicencio', '3005318752', 'tcristancho15@hotmail.com', '/../upload.php', 3, '2021-10-26 07:01:26', 1),
(238, '0', 0, 'Mardoni', 'Fernando', 'Salgado', '', '202cb962ac59075b964b07152d234b70', 'TITULAR', 82, 0, 'Medellín', 'Medellín', '3207846280', '', '/../upload.php', 3, '2021-10-26 07:15:38', 1),
(239, '0', 0, 'Carlos ', '', 'Luna', '', '202cb962ac59075b964b07152d234b70', 'TITULAR', 82, 0, 'Bogotá', 'Bogotá', '+57 301 5555624', '', '/../upload.php', 3, '2021-10-26 10:27:57', 1),
(240, '0', 126471459, 'Gloria ', 'Del pilar ', 'Hidalgo', '', '202cb962ac59075b964b07152d234b70', 'TITULAR', 81, 0, 'Yumbel', 'Yumbel', '+56983084551', '', '/../upload.php', 3, '2021-10-26 14:14:18', 1),
(241, '0', 0, 'Norma ', 'Angelica ', 'Solano ', '', '202cb962ac59075b964b07152d234b70', 'TITULAR', 82, 0, 'bogota ', 'bogota ', '+57 313 2521235', '', '/../upload.php', 3, '2021-10-27 11:06:45', 1),
(242, '0', 0, 'Magali', '', 'Ospina ', '', '202cb962ac59075b964b07152d234b70', 'TITULAR', 82, 0, 'Bogota', 'Bogota ', '322 3637741', '', '/../upload.php', 3, '2021-10-27 13:25:06', 1),
(243, '0', 0, 'Andres ', '', 'Serrano ', '', '202cb962ac59075b964b07152d234b70', 'TITULAR', 82, 0, 'Bogota', 'Bogota ', '317 2270859', '', '/../upload.php', 3, '2021-10-27 14:35:20', 1),
(244, '0', 0, 'Diane ', '', 'Gomez', '', '202cb962ac59075b964b07152d234b70', 'TITULAR', 82, 0, 'Cali', 'Cali ', '315 3817804', 'nayshardianeog@gmail.com', '/../upload.php', 3, '2021-10-27 17:47:22', 1),
(245, '0', 0, 'Jorge ', 'Edilberto', 'Cagua ', '', '202cb962ac59075b964b07152d234b70', 'TITULAR', 82, 0, 'Bogota', 'Bogota', '+57 312 5661520', '', '/../upload.php', 3, '2021-10-28 16:35:31', 1),
(246, '0', 0, 'Susana ', '', 'Gil', 'Cossio', '202cb962ac59075b964b07152d234b70', 'TITULAR', 82, 0, 'Bogota', 'Bogotá', '+57 313 5991200', '', '/../upload.php', 3, '2021-10-28 16:42:26', 1),
(247, '0', 188501729, 'Javiera', 'Scarlette', 'Alvarez', 'Osorio', '202cb962ac59075b964b07152d234b70', 'TITULAR', 81, 0, 'Chile', 'Chile', '95325646', '', '/../upload.php', 3, '2021-10-28 16:48:40', 1),
(248, '0', 1144029744, 'Alejandro', '', 'Estudillo', '', '202cb962ac59075b964b07152d234b70', 'TITULAR', 82, 0, 'Cali', 'Cali', '3183623897', '', '/../upload.php', 3, '2021-10-28 22:33:05', 1),
(249, '0', 0, 'Cristhian ', 'Albeiro ', 'Ruiz ', 'Salazar ', '202cb962ac59075b964b07152d234b70', 'TITULAR', 82, 0, 'Cali', 'Cali', '+57 314 6380308', '', '/../upload.php', 3, '2021-10-29 13:35:20', 1),
(250, '0', 1144029744, 'Alejandro', '', 'Astudillo', 'Ruiz', '202cb962ac59075b964b07152d234b70', 'TITULAR', 82, 0, 'Cali', 'Cali', '3183623897', '', '/../upload.php', 3, '2021-10-29 13:51:57', 1),
(251, '0', 93409734, 'Jhonatan ', '', 'Ávila ', 'Cuellar', '202cb962ac59075b964b07152d234b70', 'TITULAR', 82, 0, 'Arauca', 'Arauca ', '+57 312 4878581', '', '/../upload.php', 3, '2021-10-30 09:17:01', 1),
(252, '0', 0, 'Yaneth', '', 'Salazar', 'Serna', '202cb962ac59075b964b07152d234b70', 'TITULAR', 82, 0, 'Medellín', 'Medellín', '3118929538', '', '/../upload.php', 3, '2021-11-01 20:26:28', 1),
(253, '0', 0, 'Luisa ', 'Fernanda ', 'Suaza ', '', '202cb962ac59075b964b07152d234b70', 'TITULAR', 82, 0, 'Medellín', 'Medellín', '+57 310 5386281', '', '/../upload.php', 3, '2021-11-02 08:22:33', 1),
(254, '0', 0, 'Daniela ', '', 'Bernal ', '', '202cb962ac59075b964b07152d234b70', 'TITULAR', 82, 0, 'Bogotá', 'Bogotá', '3212387707', 'danielabernal19@hotmail.com', '/../upload.php', 3, '2021-11-02 11:00:28', 1),
(255, '0', 0, 'Katherine ', '', 'Muñoz', '', '202cb962ac59075b964b07152d234b70', 'TITULAR', 82, 0, 'Medellín', 'Medellín', '3212010778', '', '/../upload.php', 3, '2021-11-02 11:35:09', 1),
(256, '0', 0, 'Angie ', 'Carolina ', 'Rojas', 'Cruz', '202cb962ac59075b964b07152d234b70', 'TITULAR', 82, 0, 'Bogotá', 'Bogotá', '3007771491', '', '/../upload.php', 3, '2021-11-03 09:43:24', 1),
(257, '0', 0, 'Cristian ', '', 'Arango', '', '202cb962ac59075b964b07152d234b70', 'TITULAR', 82, 0, 'Medellín', 'Medellín', '3046655833', '', '/../upload.php', 3, '2021-11-03 09:52:19', 1),
(258, '0', 0, 'Adriana', 'Lorena', 'Caicedo ', 'Delgado', '202cb962ac59075b964b07152d234b70', 'TITULAR', 82, 0, 'Cali', 'Cali', '3105395901', '', '/../upload.php', 3, '2021-11-03 10:20:57', 1),
(259, '0', 0, 'Aldair ', 'Ríos ', '', '', '202cb962ac59075b964b07152d234b70', 'TITULAR', 82, 0, 'Cali ', 'Cali', '+57 317 6638923', '', '/../upload.php', 3, '2021-11-03 14:32:01', 1),
(260, '0', 0, 'Zaydi', '', 'Arenas', 'Mosquera', '202cb962ac59075b964b07152d234b70', 'TITULAR', 82, 0, 'Bogota', 'Bogota', '3116175496', '', '/../upload.php', 3, '2021-11-04 14:40:39', 1),
(261, '0', 0, 'Laura', '', 'Betancourt', '', '202cb962ac59075b964b07152d234b70', 'TITULAR', 82, 0, 'Medellín', 'Medellín', '+57 314 7491562', '', '/../upload.php', 3, '2021-11-05 08:54:23', 1),
(262, '0', 0, 'Maria', 'Constanza ', 'Ramírez', '', '202cb962ac59075b964b07152d234b70', 'TITULAR', 82, 0, 'Pereira ', 'Pereira ', '+57 317 4291943', '', '/../upload.php', 3, '2021-11-05 10:52:12', 1),
(263, '0', 0, 'Natalia', 'De los ríos ', 'Posada', '', '202cb962ac59075b964b07152d234b70', 'TITULAR', 82, 0, 'Medellín', 'Medellin', '+57 300 4667510', '', '/../upload.php', 3, '2021-11-05 14:15:26', 1);
INSERT INTO `usuarios` (`id`, `codigo`, `cedula`, `nombre1`, `nombre2`, `apellido1`, `apellido2`, `pass`, `tipo`, `id_pais`, `id_depto`, `ciudad`, `direccion`, `telefono`, `email`, `avatar`, `id_autor`, `fecha_crea`, `activo`) VALUES
(264, '0', 0, 'Diego', '', 'Arcila', '', '202cb962ac59075b964b07152d234b70', 'TITULAR', 82, 0, 'Medellín', 'Medellin', '3017188706', '', '/../upload.php', 3, '2021-11-06 10:14:23', 1),
(265, '0', 0, 'Alejandra', '', 'Real ', '', '202cb962ac59075b964b07152d234b70', 'TITULAR', 82, 0, 'Bogotá', 'Bogotá', '+57 314 2092663', '', '/../upload.php', 3, '2021-11-06 12:10:57', 1),
(266, '0', 0, 'Evelyn', '', 'Pessoa', '', '202cb962ac59075b964b07152d234b70', 'TITULAR', 82, 0, 'Cali', 'Cali', '+591 77014880', '', '/../upload.php', 3, '2021-11-07 11:55:15', 1),
(267, '0', 0, 'Marlly', 'Alejandra', 'Ceballos ', '', '202cb962ac59075b964b07152d234b70', 'TITULAR', 82, 0, 'Cali', 'Cali', '+57 312 6113431', '', '/../upload.php', 3, '2021-11-07 14:29:38', 1),
(268, '0', 0, 'Luz ', 'Stella ', 'Sanchez', '', '202cb962ac59075b964b07152d234b70', 'TITULAR', 82, 0, 'Bogotá', 'Bogotá', '+57 310 4401810', '', '/../upload.php', 3, '2021-11-07 14:36:12', 1),
(269, '0', 0, 'Paola ', '', 'Lopez', '', '202cb962ac59075b964b07152d234b70', 'TITULAR', 82, 0, 'Bogotá', 'Bogota', '3156402232', '', '/../upload.php', 3, '2021-11-08 09:25:13', 1),
(270, '0', 0, 'Ana ', 'Stephanie ', 'Villacres', '', '202cb962ac59075b964b07152d234b70', 'TITULAR', 82, 0, 'Bogotá', 'Bogotá', '3106150518', '', '/../upload.php', 3, '2021-11-09 15:27:47', 1),
(271, '0', 0, 'Slendy', '', 'Gómez', 'Zambrano', '202cb962ac59075b964b07152d234b70', 'TITULAR', 82, 0, 'Bucaramanga', 'Bucaramanga', '3144678124', '', '/../upload.php', 3, '2021-11-09 15:35:30', 1),
(272, '0', 0, 'Stephany ', '', 'Benites', '', '202cb962ac59075b964b07152d234b70', 'TITULAR', 82, 0, 'Medellín', 'Medellín', '+57 300 2664209', '', '/../upload.php', 3, '2021-11-09 15:41:57', 1),
(273, '0', 0, 'Martha', '', 'Zuluaga ', '', '202cb962ac59075b964b07152d234b70', 'TITULAR', 82, 0, 'Cali', 'Cali', '+57 310 5317492', '', '/../upload.php', 3, '2021-11-09 17:43:28', 1),
(274, '0', 0, 'Mauricio', '', 'Beltrán', '', '202cb962ac59075b964b07152d234b70', 'TITULAR', 82, 0, 'Bogotá', 'Bogotá', '+57 313 2949150', '', '/../upload.php', 3, '2021-11-10 09:25:21', 1),
(275, '0', 0, 'Martha', 'Cecilia ', 'Zuluaga', '', '202cb962ac59075b964b07152d234b70', 'TITULAR', 82, 0, 'Cali', 'Cali ', '+57 310 5317492', '', '/../upload.php', 3, '2021-11-10 11:22:25', 1),
(276, '0', 0, 'Leydi', '', 'Lopez', '', '202cb962ac59075b964b07152d234b70', 'TITULAR', 82, 0, 'Cartagena', 'Cartagena', '+57 312 8297876', '', '/../upload.php', 3, '2021-11-10 11:38:14', 1),
(277, '0', 0, 'Leydi', '', 'Molina', '', '202cb962ac59075b964b07152d234b70', 'TITULAR', 82, 0, 'Medellín', 'Medellín', '+57 322 5464328', '', '/../upload.php', 3, '2021-11-10 11:51:30', 1),
(278, '0', 0, 'Nicol', 'Yulieth', 'López', '', '202cb962ac59075b964b07152d234b70', 'TITULAR', 82, 0, 'Bogotá', 'Bogotá', '+57 301 5379312', '', '/../upload.php', 3, '2021-11-10 11:57:52', 1),
(279, '0', 0, 'Néstor ', '', 'Osorno ', '', '202cb962ac59075b964b07152d234b70', 'TITULAR', 82, 0, 'Medellín', 'Medellín', '7384938492', 'nedfor1987@hotmail.com', '/../upload.php', 3, '2021-11-11 09:59:27', 1),
(280, '0', 0, 'William ', 'David ', 'Zarate ', 'Cardoso ', '202cb962ac59075b964b07152d234b70', 'TITULAR', 82, 0, 'Huila', 'Huila ', '+57 322 6849344', '', '/../upload.php', 3, '2021-11-11 11:22:31', 1),
(281, '0', 0, 'William ', 'David ', 'Zarate ', 'Cardoso', '202cb962ac59075b964b07152d234b70', 'TITULAR', 82, 0, 'Neiva', 'Neiva ', '+57 322 6849344', '', '/../upload.php', 3, '2021-11-11 12:51:23', 1),
(282, '0', 0, 'Natalia ', '', 'Fernandez', '', '202cb962ac59075b964b07152d234b70', 'TITULAR', 82, 0, 'Bogotá', 'Bogotá', '3014072816', '', '/../upload.php', 3, '2021-11-11 16:36:45', 1),
(283, '0', 0, 'Melissa ', '', 'Zuluaga ', '', '202cb962ac59075b964b07152d234b70', 'TITULAR', 82, 0, 'Bogotá', 'Bogotá', '+57 301 5498785', '', '/../upload.php', 3, '2021-11-11 17:14:31', 1),
(284, '0', 0, 'Leydi', '', 'Valero', '', '202cb962ac59075b964b07152d234b70', 'TITULAR', 82, 0, 'Bogotá', 'Bogotá', '+57 313 4078556', '', '/../upload.php', 3, '2021-11-11 17:24:38', 1),
(285, '0', 0, 'Miguel ', 'Albeiro ', 'Nieto', '', '202cb962ac59075b964b07152d234b70', 'TITULAR', 82, 0, 'San José del Guaviare ', 'San José del Guaviare', '+57 321 4102072', '', '/../upload.php', 3, '2021-11-12 09:07:27', 1),
(286, '0', 0, 'Daniela ', '', 'Garcés', '', '202cb962ac59075b964b07152d234b70', 'TITULAR', 82, 0, 'Medellín', 'Medellín', '+57 304 3611007', '', '/../upload.php', 3, '2021-11-12 10:04:37', 1),
(287, '0', 0, 'Laura', 'Vanessa', 'Bitar', 'Ozuna', '202cb962ac59075b964b07152d234b70', 'TITULAR', 82, 0, 'Medellín', 'Medellín', '+57 311 7044892', '', '/../upload.php', 3, '2021-11-12 11:15:50', 1),
(288, '0', 0, 'Carlos ', '', 'Molano', '', '202cb962ac59075b964b07152d234b70', 'TITULAR', 82, 0, 'Popayán', 'Popayán ', '3216986601', '', '/../upload.php', 3, '2021-11-12 11:59:48', 1),
(289, '0', 0, 'Rodrigo', '', 'Rodríguez', '', '202cb962ac59075b964b07152d234b70', 'TITULAR', 82, 0, 'Bogotá', 'Bogotá', '+57 320 2688182', '', '/../upload.php', 3, '2021-11-12 12:12:09', 1),
(290, '0', 1115076548, 'Sthephania ', '', 'Mesa ', 'Trejos ', '202cb962ac59075b964b07152d234b70', 'TITULAR', 82, 0, 'Buga', 'Buga', '3108229396', '', '/../upload.php', 3, '2021-11-12 12:29:02', 1),
(291, '0', 11182921, 'Nelson ', '', 'Lozano', '', '202cb962ac59075b964b07152d234b70', 'TITULAR', 82, 0, 'Cali', 'Cali', '+57 314 8470854', '', '/../upload.php', 3, '2021-11-12 12:44:25', 1),
(292, '0', 0, 'Cristian ', 'Camilo ', 'Gomez', '', '202cb962ac59075b964b07152d234b70', 'TITULAR', 82, 0, 'Bogotá', 'Bogotá', '+57 321 3541389', '', '/../upload.php', 3, '2021-11-12 13:06:54', 1),
(293, '0', 0, 'Johana ', '', 'Valbuena ', '', '202cb962ac59075b964b07152d234b70', 'TITULAR', 82, 0, 'Boyaca ', 'Boyaca ', '+57 311 2384544', '', '/../upload.php', 3, '2021-11-12 15:23:45', 1),
(294, '0', 0, 'Carlos ', '', 'Celis ', 'Osorio ', '202cb962ac59075b964b07152d234b70', 'TITULAR', 82, 0, 'Medellín', 'Medellín', '3004917124', '', '/../upload.php', 3, '2021-11-12 16:32:04', 1),
(295, '0', 1112353629, 'Yessica', '', 'Guzmán ', 'Patiño', '202cb962ac59075b964b07152d234b70', 'TITULAR', 82, 0, 'Valle del cauca', 'Valle del cauca', '+57 317 6605880', '', '/../upload.php', 3, '2021-11-12 19:56:32', 1),
(296, '0', 0, 'Karen ', '', 'Leal', '', '202cb962ac59075b964b07152d234b70', 'TITULAR', 82, 0, 'Bogotá', 'Bogotá', '+57 316 8525901', '', '/../upload.php', 3, '2021-11-12 20:00:47', 1),
(297, '0', 0, 'Anderson', 'David', 'Almanza', 'Cubides', '202cb962ac59075b964b07152d234b70', 'TITULAR', 82, 0, 'Meta', 'Meta', '3105322351', '', '/../upload.php', 3, '2021-11-13 09:43:24', 1),
(298, '0', 0, 'Laura', '', 'Marcela ', 'Muñoz', '202cb962ac59075b964b07152d234b70', 'TITULAR', 82, 0, 'Popayan', 'Popayan ', '3218426765', '', '/../upload.php', 3, '2021-11-13 09:56:02', 1),
(299, '0', 0, 'Jhon ', 'Henry', 'Calle', '', '202cb962ac59075b964b07152d234b70', 'TITULAR', 82, 0, 'Pereira', 'Pereira ', '+57 310 7648230', '', '/../upload.php', 3, '2021-11-13 13:13:11', 1),
(300, '0', 0, 'Paulo ', 'Jose', 'Tafur', 'Salcedo', '202cb962ac59075b964b07152d234b70', 'TITULAR', 82, 0, 'Bogotá', 'Bogotá', '+57 315 5653475', '', '/../upload.php', 3, '2021-11-14 15:09:14', 1),
(301, '0', 1003006607, 'Jeimy', 'Johana', 'Rodríguez', 'Puentes', '202cb962ac59075b964b07152d234b70', 'TITULAR', 82, 0, 'Monteria', 'Monteria ', '3006636886', '', '/../upload.php', 3, '2021-11-15 08:47:52', 1),
(302, '0', 79783318, 'Jose', '', 'Londoño', '', '202cb962ac59075b964b07152d234b70', 'TITULAR', 82, 0, 'Bogota', 'Bogota', '+57 300 2673661', '', '/../upload.php', 3, '2021-11-15 09:09:25', 1),
(303, '0', 0, 'Edgar', '', 'Salcedo ', '', '202cb962ac59075b964b07152d234b70', 'TITULAR', 82, 0, 'Bogota', 'Bogota', '+57 310 6183679', '', '/../upload.php', 3, '2021-11-15 11:12:11', 1),
(304, '0', 0, 'Jazmin ', '', 'Navarro', 'Muñoz', '202cb962ac59075b964b07152d234b70', 'TITULAR', 82, 0, 'Bogotá', 'Bogotá', '+57 311 8987736', '', '/../upload.php', 3, '2021-11-15 11:56:12', 1),
(305, '0', 0, 'Martha', 'Cecilia', 'Vélez', '', '202cb962ac59075b964b07152d234b70', 'TITULAR', 81, 0, 'Chile', 'Chile', '+56991292720', '', '/../upload.php', 3, '2021-11-15 12:42:53', 1),
(306, '0', 0, 'Juan ', 'Carlos', 'Ávila', '', '202cb962ac59075b964b07152d234b70', 'TITULAR', 82, 0, 'Cali', 'Cali', '+57 301 7892578', '', '/../upload.php', 3, '2021-11-16 10:09:00', 1),
(307, '0', 0, 'Andrea ', '', 'Oropeza', '', '202cb962ac59075b964b07152d234b70', 'TITULAR', 82, 0, 'Bogotá', 'Bogotá', '+57 300 4795518', '', '/../upload.php', 3, '2021-11-16 10:15:15', 1),
(308, '0', 0, 'Cristian', '', 'Echeverry', '', '202cb962ac59075b964b07152d234b70', 'TITULAR', 82, 0, 'Rionegro', 'Antioquia', '+57 311 7665831', '', '/../upload.php', 3, '2021-11-16 16:22:07', 1),
(309, '0', 0, 'Laura ', '', 'Celis', 'Velez', '202cb962ac59075b964b07152d234b70', 'TITULAR', 82, 0, 'Bogota', 'Bogotá', '+57 317 7599987', '', '/../upload.php', 3, '2021-11-16 18:01:10', 1),
(310, '0', 0, 'Karla ', 'Cristina ', 'Ríos', '', '202cb962ac59075b964b07152d234b70', 'TITULAR', 82, 0, 'Medellín', 'Medellín', '+57 310 4700717', '', '/../upload.php', 3, '2021-11-16 18:16:01', 1),
(311, '0', 0, 'Jessica ', 'Alejandra ', 'Beltran', '', '202cb962ac59075b964b07152d234b70', 'TITULAR', 82, 0, 'Bogotá', 'Bogotá', '+57 311 8837382', '', '/../upload.php', 3, '2021-11-17 12:25:37', 1),
(312, '0', 0, 'Jakeline', '', 'González', '', '202cb962ac59075b964b07152d234b70', 'TITULAR', 82, 0, 'Medellín', 'Medellín', '+57 310 4549907', '', '/../upload.php', 3, '2021-11-17 12:34:33', 1),
(313, '0', 0, 'Angie ', 'Tatiana', 'Muñoz', '', '202cb962ac59075b964b07152d234b70', 'TITULAR', 82, 0, 'Cali', 'Cali', '+57 312 6851558', '', '/../upload.php', 3, '2021-11-17 12:48:19', 1),
(314, '0', 0, 'David ', '', 'Alzate', '', '202cb962ac59075b964b07152d234b70', 'TITULAR', 82, 0, 'Medellín', 'Medellín', '+57 320 2684001', '', '/../upload.php', 3, '2021-11-17 14:24:32', 1),
(315, '0', 72345857, 'Alejandro ', '', 'Mesa', '', '202cb962ac59075b964b07152d234b70', 'TITULAR', 82, 0, 'Bogotá', 'Bogotá', '+57 300 4377830', '', '/../upload.php', 3, '2021-11-17 15:05:45', 1),
(316, '0', 1090498788, 'Mayra ', 'Alejandra', 'Jaimes', '', '202cb962ac59075b964b07152d234b70', 'TITULAR', 82, 0, 'Cucuta', 'Cucuta', '384729', 'Mayerla15@hotnail.com', '/../upload.php', 3, '2021-11-17 15:26:32', 1),
(317, '0', 0, 'Laura ', '', 'Roman', '', '202cb962ac59075b964b07152d234b70', 'TITULAR', 82, 0, 'Medellín', 'Medellín', '3196836433', 'Lroman404@gmail.com', '/../upload.php', 3, '2021-11-17 15:36:58', 1),
(318, '0', 1036962004, 'Pablo', '', 'Velasquez', 'Hernandez', '202cb962ac59075b964b07152d234b70', 'TITULAR', 82, 0, 'Medellín', 'Rionegro', '3235897621', 'Pablohernandezmdm@gmail.com', '/../upload.php', 3, '2021-11-17 16:04:16', 1),
(319, '0', 0, 'Juan ', 'Carlos ', 'Ávila ', '', '202cb962ac59075b964b07152d234b70', 'TITULAR', 82, 0, 'Cali', 'Cali', '+57 301 7892578', '', '/../upload.php', 3, '2021-11-17 16:14:57', 1),
(320, '0', 0, 'Angela ', 'Patricia ', 'Vidal ', '', '202cb962ac59075b964b07152d234b70', 'TITULAR', 82, 0, 'Bogotá', 'Bogotá', '+57 310 3841246', '', '/../upload.php', 3, '2021-11-18 09:41:54', 1),
(321, '0', 0, 'Andrea ', '', 'Velasquez', '', '202cb962ac59075b964b07152d234b70', 'TITULAR', 82, 0, 'Medellín', 'Medellín', '+57 301 5891553', '', '/../upload.php', 3, '2021-11-18 10:11:02', 1),
(322, '0', 0, 'María ', 'Paula ', 'Romero ', '', '202cb962ac59075b964b07152d234b70', 'TITULAR', 82, 0, 'Bogotá', 'Bogota', '318 815 3116', '', '/../upload.php', 3, '2021-11-18 10:16:27', 1),
(323, '0', 1067881078, 'Jader', '', 'Machado', 'Otero', '202cb962ac59075b964b07152d234b70', 'TITULAR', 82, 1707, 'monteria', 'cra 8c 12 92 bvista', '3215529229', 'jdrmchado@gmail.com', '/../upload.php', 3, '2021-11-18 12:11:47', 1),
(324, '0', 0, 'Estefania ', '', 'Olaya', '', '202cb962ac59075b964b07152d234b70', 'TITULAR', 82, 0, 'Bogotá', 'Bogotá', '+57 318 2577373', '', '/../upload.php', 3, '2021-11-18 15:05:42', 1),
(325, '0', 0, 'Ruben', '', 'Ospina ', 'Argüelles', '202cb962ac59075b964b07152d234b70', 'TITULAR', 82, 0, 'Bogotá', 'Bogotá', '+57 300 2811878', '', '/../upload.php', 3, '2021-11-18 15:19:33', 1),
(326, '0', 0, 'Daniela', '', 'Henao ', 'Ramirez', '202cb962ac59075b964b07152d234b70', 'TITULAR', 82, 0, 'Manizales', 'Manizales', '3148647986', '', '/../upload.php', 3, '2021-11-19 09:11:16', 1),
(327, '0', 0, 'María ', 'Camila ', 'Gutiérrez', '', '202cb962ac59075b964b07152d234b70', 'TITULAR', 82, 0, 'Medellin', 'Medellin', '3148552142', '', '/../upload.php', 3, '2021-11-19 09:41:34', 1),
(328, '0', 0, 'Jeimi', 'Alexandra', '', '', '202cb962ac59075b964b07152d234b70', 'TITULAR', 82, 0, 'Medellín', 'Medellín', '3213732279', '', '/../upload.php', 3, '2021-11-19 10:08:04', 1),
(329, '0', 0, 'Alejandra', '', 'Lopez', 'Castillo', '202cb962ac59075b964b07152d234b70', 'TITULAR', 82, 0, 'Bogota', 'Bogotá', '+57 301 7515890', '', '/../upload.php', 3, '2021-11-19 14:45:47', 1),
(330, '0', 0, 'Ericka', 'Victoria', 'Marin', '', '202cb962ac59075b964b07152d234b70', 'TITULAR', 82, 0, 'Cali', 'Cali', '+57 323 5848300', '', '/../upload.php', 3, '2021-11-20 12:32:55', 1),
(331, '0', 0, 'Vanessa', 'Moreno', 'Suan', '', '202cb962ac59075b964b07152d234b70', 'TITULAR', 82, 0, 'Bogotá', 'Bogotá', '+57 321 2331086', '', '/../upload.php', 3, '2021-11-22 10:05:50', 1),
(332, '0', 53066971, 'Catalina ', '', 'Rojas ', '', '202cb962ac59075b964b07152d234b70', 'TITULAR', 82, 0, 'Bogotá', 'Bogotá', '3014734386', 'Catalina.niviayo@hotmail.com', '/../upload.php', 3, '2021-11-22 14:37:39', 1),
(333, '0', 0, 'Lida', 'Yanneth', 'Aguirre ', '', '202cb962ac59075b964b07152d234b70', 'TITULAR', 82, 0, 'Medellín', 'Medellín', '+57 302 3131662', '', '/../upload.php', 3, '2021-11-22 16:03:11', 1),
(334, '0', 0, 'Johana ', '', 'Cediel ', '', '202cb962ac59075b964b07152d234b70', 'TITULAR', 82, 0, 'Bogotá', 'Bogotá', '+57 315 5181616', '', '/../upload.php', 3, '2021-11-22 16:54:24', 1),
(335, '0', 0, 'Didier ', '', 'Duvan ', '', '202cb962ac59075b964b07152d234b70', 'TITULAR', 82, 0, 'Bogotá', 'Bogotá', '+61 431 003 324', '', '/../upload.php', 3, '2021-11-22 17:24:30', 1),
(336, '0', 0, 'Diego ', '', 'Burbano', '', '202cb962ac59075b964b07152d234b70', 'TITULAR', 82, 0, 'Pasto', 'Pasto', '3104710281', '', '/../upload.php', 3, '2021-11-23 10:51:50', 1),
(337, '0', 53066971, 'Catalina ', '', 'Rojas', '', '202cb962ac59075b964b07152d234b70', 'TITULAR', 82, 0, 'Bogotá', 'Bogotá', '3014734386', '', '/../upload.php', 3, '2021-11-23 12:42:28', 1),
(338, '0', 1013664967, 'Juan ', 'Mauricio ', 'Arias ', '', '202cb962ac59075b964b07152d234b70', 'TITULAR', 82, 0, 'Bogotá', 'Bogotá', '3213430646', '', '/../upload.php', 3, '2021-11-23 13:15:58', 1),
(339, '0', 41920342, 'Juan ', 'Carlos ', 'Castaño ', '', '202cb962ac59075b964b07152d234b70', 'TITULAR', 82, 0, 'Armenia ', 'Quindío', '+57 314 7312518', '', '/../upload.php', 3, '2021-11-23 13:25:59', 1),
(340, '0', 0, 'Victor ', 'Manuel', 'Rodríguez', 'Vásquez', '202cb962ac59075b964b07152d234b70', 'TITULAR', 82, 0, 'Envigado ', 'Cra 25 N 39b sur 101', '+57 311 6383054', '', '/../upload.php', 3, '2021-11-23 13:33:54', 1),
(341, '0', 0, 'Ana ', 'Maria', 'Garcés ', 'Tirado ', '202cb962ac59075b964b07152d234b70', 'TITULAR', 82, 0, 'Montería ', 'Cr 13 # 31-35 ', '3147194528', '', '/../upload.php', 3, '2021-11-23 16:58:00', 1),
(342, '0', 1002328838, 'Xiomara ', 'Andrea ', 'Sanchez', 'Borda', '202cb962ac59075b964b07152d234b70', 'TITULAR', 82, 0, 'Cundinamarca', 'Cundinamarca', '3102479382', '', '/../upload.php', 3, '2021-11-24 09:16:30', 1),
(343, '0', 0, 'Sebastián ', '', 'Duque ', '', '202cb962ac59075b964b07152d234b70', 'TITULAR', 82, 0, 'Bogotá', 'Bogotá', '+57 300 6184867', '', '/../upload.php', 3, '2021-11-24 09:26:29', 1),
(344, '0', 1039447948, 'Vanessa ', '', 'Bustamante', 'Agudelo', '202cb962ac59075b964b07152d234b70', 'TITULAR', 82, 0, 'Rio negro ', 'Rio negro ', '3004207884', '', '/../upload.php', 3, '2021-11-24 10:01:09', 1),
(345, '0', 0, 'Luis', '', 'Barrera', '', '202cb962ac59075b964b07152d234b70', 'TITULAR', 82, 0, 'Bogotá', 'Bogota', '+57 302 3558076', '', '/../upload.php', 3, '2021-11-24 15:08:56', 1),
(346, '0', 0, 'Clara ', '', 'Bolivar ', '', '202cb962ac59075b964b07152d234b70', 'TITULAR', 82, 0, 'Bogotá', 'Bogotá', '+57 312 3113070', '', '/../upload.php', 3, '2021-11-24 15:17:22', 1),
(347, '0', 0, 'María ', 'Isabel ', 'Moreno', '', '202cb962ac59075b964b07152d234b70', 'TITULAR', 82, 0, 'Medellín', 'Medellín', '+57 301 7669323', '', '/../upload.php', 3, '2021-11-24 19:04:24', 1),
(348, '0', 0, 'Diana ', 'Liliana', 'Descanse', '', '202cb962ac59075b964b07152d234b70', 'TITULAR', 82, 0, 'Cali', 'Cali', '3134296975', '', '/../upload.php', 3, '2021-11-24 19:47:03', 1),
(349, '0', 1060651766, 'Oscar ', '', 'Castaño ', 'Chavez', '202cb962ac59075b964b07152d234b70', 'TITULAR', 82, 0, 'Manizales', 'Manizales', '3142951997', 'oscarbassmusic@gmail.com', '/../upload.php', 3, '2021-11-25 12:16:50', 1),
(350, '0', 0, 'Nataly', '', 'Martinez', 'Riascos ', '202cb962ac59075b964b07152d234b70', 'TITULAR', 82, 0, 'Cali', 'Cali', '3207929974', '', '/../upload.php', 3, '2021-11-25 14:25:23', 1),
(351, '0', 0, 'Lida', '', 'Gaitan', '', '202cb962ac59075b964b07152d234b70', 'TITULAR', 82, 0, 'Bogotá', 'Bogotá', '3142860966', '', '/../upload.php', 3, '2021-11-25 14:51:08', 1),
(352, '0', 0, 'Juliana ', '', 'Jaramillo', '', '202cb962ac59075b964b07152d234b70', 'TITULAR', 82, 0, 'Medellín', 'Medellín', '3218965097', '', '/../upload.php', 3, '2021-11-25 15:22:12', 1),
(353, '0', 0, 'Luis ', 'Javier ', 'Quintero ', '', '202cb962ac59075b964b07152d234b70', 'TITULAR', 82, 0, 'Bogotá ', 'Bogotá', '+57 322 9753168', '', '/../upload.php', 3, '2021-11-26 09:58:49', 1),
(354, '0', 0, 'Selmi ', 'Cecilia ', 'Teresita ', '', '202cb962ac59075b964b07152d234b70', 'TITULAR', 5, 0, 'Rosario ', 'Rosario ', '+54 9 341 578-4', '', '/../upload.php', 3, '2021-11-26 10:11:42', 1),
(355, '0', 0, 'Israel ', '', 'Moreno ', '', '202cb962ac59075b964b07152d234b70', 'TITULAR', 82, 0, 'Bucaramanga', 'Bucaramanga', ' 319 2729797', '', '/../upload.php', 3, '2021-11-26 15:46:28', 1),
(356, '0', 0, 'Adrian ', '', 'Villamil ', '', '202cb962ac59075b964b07152d234b70', 'TITULAR', 82, 0, 'Honda ', 'Honda ', '311 2548872', '', '/../upload.php', 3, '2021-11-26 15:57:26', 1),
(357, '0', 0, 'Michael', '', 'Roldan', '', '202cb962ac59075b964b07152d234b70', 'TITULAR', 82, 0, 'Cali', 'Cali', '+57 318 3733095', '', '/../upload.php', 3, '2021-11-27 10:49:36', 1),
(358, '0', 0, 'Juan ', 'José', 'Toro ', '', '202cb962ac59075b964b07152d234b70', 'TITULAR', 82, 0, 'Cartagena', 'Cartagena', '3137030931', '', '/../upload.php', 3, '2021-11-27 10:58:31', 1);

-- --------------------------------------------------------

--
-- Estructura de tabla para la tabla `vaucher`
--

CREATE TABLE `vaucher` (
  `id` bigint(20) UNSIGNED NOT NULL,
  `id_cotizacion` int(11) NOT NULL,
  `codigo` varchar(11) COLLATE utf8_unicode_ci NOT NULL,
  `deposito` decimal(20,0) NOT NULL,
  `id_metodo_pago` int(11) NOT NULL,
  `id_hotel` int(11) NOT NULL,
  `id_autor` int(11) NOT NULL,
  `fecha_crea` timestamp NOT NULL DEFAULT CURRENT_TIMESTAMP,
  `activo` tinyint(1) NOT NULL DEFAULT '1',
  `reserva` varchar(11) COLLATE utf8_unicode_ci NOT NULL
) ENGINE=InnoDB DEFAULT CHARSET=utf8 COLLATE=utf8_unicode_ci;

--
-- Volcado de datos para la tabla `vaucher`
--

INSERT INTO `vaucher` (`id`, `id_cotizacion`, `codigo`, `deposito`, `id_metodo_pago`, `id_hotel`, `id_autor`, `fecha_crea`, `activo`, `reserva`) VALUES
(1, 25, '', 600000, 2, 4, 3, '2021-09-04 00:40:21', 1, ''),
(2, 43, '', 500000, 1, 3, 3, '2021-09-08 16:47:14', 1, ''),
(3, 46, '', 689000, 2, 4, 3, '2021-09-09 22:12:01', 1, ''),
(4, 33, '', 651000, 1, 4, 3, '2021-09-10 15:14:00', 1, ''),
(5, 25, '', 600000, 1, 4, 3, '2021-09-11 15:23:30', 1, ''),
(6, 15, '', 320000, 2, 4, 3, '2021-09-11 17:33:20', 1, ''),
(7, 57, '', 5700000, 2, 3, 3, '2021-09-13 15:31:12', 1, ''),
(8, 58, '', 5700000, 2, 3, 3, '2021-09-13 15:35:29', 1, ''),
(9, 63, '', 1020000, 2, 3, 3, '2021-09-14 18:43:15', 1, ''),
(10, 29, '', 2500000, 1, 4, 3, '2021-09-14 22:45:43', 1, ''),
(11, 56, '', 2500000, 1, 4, 3, '2021-09-14 22:47:43', 1, ''),
(12, 76, '', 688000, 2, 4, 3, '2021-09-15 20:32:18', 1, ''),
(13, 95, '', 550000, 2, 2, 3, '2021-09-15 21:23:06', 1, ''),
(14, 103, '', 438000, 2, 4, 3, '2021-09-16 21:38:29', 1, ''),
(15, 127, '', 309600, 2, 4, 3, '2021-09-22 14:54:15', 1, ''),
(16, 140, '', 300000, 2, 4, 3, '2021-09-24 23:24:11', 1, ''),
(17, 150, '', 336600, 1, 4, 3, '2021-09-29 14:05:02', 1, ''),
(18, 77, '', 2010000, 1, 2, 3, '2021-09-30 18:40:00', 1, ''),
(19, 160, '', 900000, 2, 3, 3, '2021-09-30 22:46:43', 1, ''),
(20, 161, '', 900000, 2, 3, 3, '2021-09-30 22:47:43', 1, ''),
(21, 153, '', 412800, 2, 4, 3, '2021-10-02 19:41:55', 1, ''),
(22, 154, '', 2752000, 1, 4, 3, '2021-10-08 13:53:41', 1, '1932'),
(23, 199, '', 6625000, 1, 3, 3, '2021-10-13 13:54:14', 1, '56530'),
(24, 227, '', 309600, 2, 5, 3, '2021-10-14 15:57:07', 1, '85471'),
(25, 223, '', 500000, 2, 4, 3, '2021-10-14 20:06:52', 1, '2045'),
(26, 151, '', 2385000, 2, 3, 3, '2021-10-16 15:53:17', 1, '56590'),
(27, 152, '', 2385000, 2, 3, 3, '2021-10-16 15:55:51', 1, '56590'),
(28, 234, '', 1000000, 2, 2, 3, '2021-10-17 00:25:24', 1, '6754'),
(29, 139, '', 906000, 2, 4, 3, '2021-10-19 22:45:34', 1, '1888'),
(30, 129, '', 310000, 2, 4, 3, '2021-10-19 22:54:06', 1, '1887'),
(31, 130, '', 420000, 2, 4, 3, '2021-10-19 22:58:01', 1, '1881'),
(32, 130, '', 420000, 2, 4, 3, '2021-10-19 22:58:49', 1, '1881'),
(33, 248, '', 2010000, 1, 2, 3, '2021-10-21 14:32:39', 1, '55469'),
(34, 184, '', 200000, 2, 5, 3, '2021-10-22 18:31:42', 1, '6828'),
(35, 292, '', 1404000, 1, 3, 3, '2021-11-06 16:39:02', 1, '56886'),
(36, 304, '', 6625000, 1, 3, 3, '2021-11-09 19:17:27', 1, '56530'),
(37, 311, '', 1212000, 2, 4, 3, '2021-11-12 14:19:40', 1, '2205'),
(38, 308, '', 1600000, 2, 3, 3, '2021-11-12 14:52:16', 1, '56936'),
(39, 329, '', 1600000, 2, 3, 3, '2021-11-12 17:56:20', 1, '56936'),
(40, 1, '', 500000, 2, 2, 3, '2021-11-18 22:28:01', 1, '2321'),
(41, 1, '', 200000, 2, 2, 3, '2021-11-18 22:28:37', 1, '2321'),
(42, 319, '', 2050000, 2, 3, 3, '2021-11-19 15:45:39', 1, '56993'),
(43, 344, '', 2664000, 2, 3, 3, '2021-11-19 16:07:56', 1, '57083'),
(44, 58, '', 12000000, 1, 3, 3, '2021-11-19 16:13:43', 1, '56060'),
(45, 392, '', 363600, 2, 4, 3, '2021-11-24 18:02:07', 1, '2246'),
(46, 397, '', 30000, 2, 6, 3, '2021-11-24 23:07:03', 1, '456657'),
(47, 426, '', 1600000, 2, 3, 3, '2021-11-26 17:09:50', 1, '56936');

--
-- Índices para tablas volcadas
--

--
-- Indices de la tabla `app_accion`
--
ALTER TABLE `app_accion`
  ADD PRIMARY KEY (`id`);

--
-- Indices de la tabla `app_modulos`
--
ALTER TABLE `app_modulos`
  ADD PRIMARY KEY (`id`);

--
-- Indices de la tabla `app_perfil`
--
ALTER TABLE `app_perfil`
  ADD PRIMARY KEY (`id`);

--
-- Indices de la tabla `app_permisos`
--
ALTER TABLE `app_permisos`
  ADD PRIMARY KEY (`id`);

--
-- Indices de la tabla `auditoria`
--
ALTER TABLE `auditoria`
  ADD PRIMARY KEY (`id`),
  ADD UNIQUE KEY `id` (`id`);

--
-- Indices de la tabla `cotizacion`
--
ALTER TABLE `cotizacion`
  ADD PRIMARY KEY (`id`);

--
-- Indices de la tabla `estado`
--
ALTER TABLE `estado`
  ADD PRIMARY KEY (`id`),
  ADD KEY `IDX_4786469191104EC2` (`ubicacionpaisid`);

--
-- Indices de la tabla `hoteles`
--
ALTER TABLE `hoteles`
  ADD PRIMARY KEY (`id`);

--
-- Indices de la tabla `metodo_pago`
--
ALTER TABLE `metodo_pago`
  ADD UNIQUE KEY `id` (`id`);

--
-- Indices de la tabla `motivos`
--
ALTER TABLE `motivos`
  ADD PRIMARY KEY (`id`);

--
-- Indices de la tabla `pais`
--
ALTER TABLE `pais`
  ADD PRIMARY KEY (`id`);

--
-- Indices de la tabla `permiso_hotel`
--
ALTER TABLE `permiso_hotel`
  ADD KEY `consec` (`consec`);

--
-- Indices de la tabla `planes`
--
ALTER TABLE `planes`
  ADD PRIMARY KEY (`id`);

--
-- Indices de la tabla `productos`
--
ALTER TABLE `productos`
  ADD PRIMARY KEY (`id`);

--
-- Indices de la tabla `tarifas`
--
ALTER TABLE `tarifas`
  ADD PRIMARY KEY (`id`);

--
-- Indices de la tabla `terminos_condiciones`
--
ALTER TABLE `terminos_condiciones`
  ADD PRIMARY KEY (`id`);

--
-- Indices de la tabla `tipo_plan`
--
ALTER TABLE `tipo_plan`
  ADD PRIMARY KEY (`id`);

--
-- Indices de la tabla `usuarios`
--
ALTER TABLE `usuarios`
  ADD PRIMARY KEY (`id`);

--
-- Indices de la tabla `vaucher`
--
ALTER TABLE `vaucher`
  ADD UNIQUE KEY `id` (`id`);

--
-- AUTO_INCREMENT de las tablas volcadas
--

--
-- AUTO_INCREMENT de la tabla `app_accion`
--
ALTER TABLE `app_accion`
  MODIFY `id` int(11) NOT NULL AUTO_INCREMENT, AUTO_INCREMENT=39;

--
-- AUTO_INCREMENT de la tabla `app_modulos`
--
ALTER TABLE `app_modulos`
  MODIFY `id` int(11) NOT NULL AUTO_INCREMENT, AUTO_INCREMENT=13;

--
-- AUTO_INCREMENT de la tabla `app_perfil`
--
ALTER TABLE `app_perfil`
  MODIFY `id` int(11) NOT NULL AUTO_INCREMENT, AUTO_INCREMENT=5;

--
-- AUTO_INCREMENT de la tabla `app_permisos`
--
ALTER TABLE `app_permisos`
  MODIFY `id` int(11) NOT NULL AUTO_INCREMENT, AUTO_INCREMENT=80;

--
-- AUTO_INCREMENT de la tabla `auditoria`
--
ALTER TABLE `auditoria`
  MODIFY `id` bigint(20) UNSIGNED NOT NULL AUTO_INCREMENT, AUTO_INCREMENT=84;

--
-- AUTO_INCREMENT de la tabla `cotizacion`
--
ALTER TABLE `cotizacion`
  MODIFY `id` int(11) NOT NULL AUTO_INCREMENT, AUTO_INCREMENT=443;

--
-- AUTO_INCREMENT de la tabla `estado`
--
ALTER TABLE `estado`
  MODIFY `id` int(11) NOT NULL AUTO_INCREMENT, AUTO_INCREMENT=2202;

--
-- AUTO_INCREMENT de la tabla `hoteles`
--
ALTER TABLE `hoteles`
  MODIFY `id` bigint(20) NOT NULL AUTO_INCREMENT, AUTO_INCREMENT=8;

--
-- AUTO_INCREMENT de la tabla `metodo_pago`
--
ALTER TABLE `metodo_pago`
  MODIFY `id` bigint(20) UNSIGNED NOT NULL AUTO_INCREMENT, AUTO_INCREMENT=5;

--
-- AUTO_INCREMENT de la tabla `motivos`
--
ALTER TABLE `motivos`
  MODIFY `id` int(11) NOT NULL AUTO_INCREMENT, AUTO_INCREMENT=7;

--
-- AUTO_INCREMENT de la tabla `pais`
--
ALTER TABLE `pais`
  MODIFY `id` int(11) NOT NULL AUTO_INCREMENT, AUTO_INCREMENT=247;

--
-- AUTO_INCREMENT de la tabla `permiso_hotel`
--
ALTER TABLE `permiso_hotel`
  MODIFY `consec` int(11) NOT NULL AUTO_INCREMENT, AUTO_INCREMENT=15;

--
-- AUTO_INCREMENT de la tabla `planes`
--
ALTER TABLE `planes`
  MODIFY `id` int(11) NOT NULL AUTO_INCREMENT, AUTO_INCREMENT=40;

--
-- AUTO_INCREMENT de la tabla `productos`
--
ALTER TABLE `productos`
  MODIFY `id` int(11) NOT NULL AUTO_INCREMENT, AUTO_INCREMENT=27;

--
-- AUTO_INCREMENT de la tabla `tarifas`
--
ALTER TABLE `tarifas`
  MODIFY `id` int(11) NOT NULL AUTO_INCREMENT, AUTO_INCREMENT=135;

--
-- AUTO_INCREMENT de la tabla `terminos_condiciones`
--
ALTER TABLE `terminos_condiciones`
  MODIFY `id` int(11) NOT NULL AUTO_INCREMENT, AUTO_INCREMENT=3;

--
-- AUTO_INCREMENT de la tabla `tipo_plan`
--
ALTER TABLE `tipo_plan`
  MODIFY `id` int(11) NOT NULL AUTO_INCREMENT, AUTO_INCREMENT=119;

--
-- AUTO_INCREMENT de la tabla `usuarios`
--
ALTER TABLE `usuarios`
  MODIFY `id` int(11) NOT NULL AUTO_INCREMENT, AUTO_INCREMENT=359;

--
-- AUTO_INCREMENT de la tabla `vaucher`
--
ALTER TABLE `vaucher`
  MODIFY `id` bigint(20) UNSIGNED NOT NULL AUTO_INCREMENT, AUTO_INCREMENT=48;
COMMIT;

/*!40101 SET CHARACTER_SET_CLIENT=@OLD_CHARACTER_SET_CLIENT */;
/*!40101 SET CHARACTER_SET_RESULTS=@OLD_CHARACTER_SET_RESULTS */;
/*!40101 SET COLLATION_CONNECTION=@OLD_COLLATION_CONNECTION */;
